Student_ID,Study_Hours_Per_Day,Extracurricular_Hours_Per_Day,Sleep_Hours_Per_Day,Social_Hours_Per_Day,Physical_Activity_Hours_Per_Day,GPA
1,6.9,3.8,8.7,2.8,1.8,2.99
2,5.3,3.5,8.0,4.2,3.0,2.75
3,5.1,3.9,9.2,1.2,4.6,2.67
4,6.5,2.1,7.2,1.7,6.5,2.88
5,8.1,0.6,6.5,2.2,6.6,3.51
6,6.0,2.1,8.0,0.3,7.6,2.85
7,8.0,0.7,5.3,5.7,4.3,3.08
8,8.4,1.8,5.6,3.0,5.2,3.2
9,5.2,3.6,6.3,4.0,4.9,2.82
10,7.7,0.7,9.8,4.5,1.3,2.76
11,9.7,3.6,8.0,2.5,0.2,3.43
12,6.9,1.1,9.1,2.1,4.8,2.97
13,6.4,2.2,5.7,4.8,4.9,2.82
14,5.0,3.3,8.5,4.4,2.8,2.87
15,8.9,0.3,6.8,0.7,7.3,3.4
16,6.7,0.3,6.6,2.0,8.4,3.2
17,8.6,2.6,9.4,1.6,1.8,3.36
18,8.8,2.2,8.9,2.0,2.1,3.19
19,7.6,1.7,5.1,0.6,9.0,3.16
20,6.6,2.0,9.5,1.5,4.4,2.93
21,7.1,3.0,6.1,0.5,7.3,2.9
22,9.6,3.2,8.2,2.6,0.4,3.34
23,9.0,0.7,9.5,2.6,2.2,3.21
24,6.1,1.7,9.1,5.2,1.9,2.85
25,5.0,2.0,7.1,1.3,8.6,2.68
26,9.7,1.3,7.6,3.8,1.6,3.29
27,6.8,3.9,9.8,0.9,2.6,2.64
28,6.4,0.1,8.0,3.0,6.5,2.95
29,5.3,1.1,9.5,1.4,6.7,2.79
30,9.9,1.0,8.4,3.6,1.1,3.25
31,6.2,2.9,6.8,3.8,4.3,3.05
32,5.5,3.3,6.6,1.1,7.5,3.26
33,5.2,2.4,8.4,0.1,7.9,2.47
34,8.2,0.7,8.5,2.3,4.3,3.24
35,9.7,0.6,6.7,0.7,6.3,3.62
36,9.1,2.2,7.6,1.2,3.9,3.12
37,5.5,3.6,9.5,3.4,2.0,2.58
38,8.6,3.6,9.4,1.9,0.5,3.03
39,8.2,0.3,5.8,5.4,4.3,3.29
40,5.0,0.6,7.7,4.2,6.5,2.61
41,8.3,0.9,8.6,1.4,4.8,3.48
42,8.2,3.4,8.3,2.3,1.8,3.07
43,5.5,1.5,6.3,1.5,9.2,2.81
44,9.5,2.5,9.0,1.5,1.5,3.49
45,7.9,2.0,6.0,4.3,3.8,2.97
46,9.7,3.8,9.6,0.3,0.6,3.55
47,5.1,3.7,7.1,5.8,2.3,2.6
48,9.3,1.3,5.8,3.3,4.3,3.09
49,9.7,2.8,7.9,0.3,3.3,3.47
50,9.4,3.0,8.5,2.2,0.9,3.18
51,6.8,1.2,9.0,4.9,2.1,3.12
52,9.0,2.6,8.5,3.1,0.8,4.0
53,9.5,1.4,6.9,0.6,5.6,3.33
54,7.3,2.2,6.4,3.5,4.6,3.11
55,5.2,0.1,9.1,2.2,7.4,2.79
56,8.8,0.9,8.1,0.5,5.7,3.1
57,5.3,2.1,7.7,3.8,5.1,2.39
58,9.0,1.1,7.2,0.5,6.2,3.39
59,5.1,3.9,9.2,4.0,1.8,2.52
60,5.8,1.0,7.7,4.3,5.2,2.8
61,8.3,1.1,9.8,3.5,1.3,3.67
62,7.1,1.0,6.8,4.5,4.6,3.27
63,5.1,0.5,5.2,0.2,13.0,2.85
64,7.4,0.4,7.5,2.8,5.9,3.26
65,5.9,1.7,7.0,3.7,5.7,2.8
66,6.9,2.5,7.5,5.1,2.0,3.06
67,8.3,0.7,5.4,3.9,5.7,3.26
68,9.7,2.3,6.9,3.3,1.8,3.38
69,7.3,2.2,9.7,1.9,2.9,3.15
70,5.4,1.3,9.2,0.1,8.0,2.69
71,9.1,1.1,5.6,4.2,4.0,3.54
72,8.7,3.2,6.4,1.0,4.7,3.37
73,8.8,3.2,10.0,0.8,1.2,3.58
74,6.7,3.7,9.3,1.8,2.5,2.89
75,8.8,3.0,5.5,5.4,1.3,3.58
76,6.6,3.6,6.9,0.1,6.8,2.99
77,9.5,0.4,6.6,5.7,1.8,3.44
78,8.2,1.8,6.5,2.0,5.5,3.35
79,8.4,3.0,9.0,2.8,0.8,3.26
80,5.3,2.2,7.2,5.3,4.0,2.62
81,6.8,0.5,5.7,4.6,6.4,2.86
82,5.4,2.8,5.4,4.9,5.5,2.86
83,8.5,0.3,5.4,5.9,3.9,2.99
84,9.1,3.8,9.9,0.9,0.3,3.08
85,6.9,0.3,8.9,3.4,4.5,3.21
86,5.6,2.0,5.1,2.8,8.5,2.81
87,5.3,0.5,5.6,3.9,8.7,2.9
88,9.8,1.5,6.4,5.2,1.1,3.78
89,6.1,3.9,5.1,5.8,3.1,2.96
90,5.4,2.2,9.8,3.1,3.5,2.81
91,8.1,2.8,7.3,3.6,2.2,3.39
92,5.2,1.1,9.8,5.3,2.6,2.82
93,7.3,2.5,6.4,1.1,6.7,2.67
94,7.9,0.3,9.9,5.8,0.1,3.08
95,8.5,2.1,6.5,4.9,2.0,3.1
96,9.6,3.3,9.7,1.0,0.4,3.54
97,8.1,1.7,9.7,3.9,0.6,3.45
98,9.9,0.6,8.0,2.1,3.4,3.39
99,9.8,3.4,9.2,0.7,0.9,3.15
100,5.3,3.5,9.1,6.0,0.1,2.68
101,10.0,2.2,8.8,2.8,0.2,3.41
102,7.3,0.5,9.8,3.6,2.8,3.22
103,6.1,2.7,8.1,2.1,5.0,2.98
104,7.6,3.1,7.6,4.9,0.8,2.99
105,7.8,2.2,9.4,1.9,2.7,3.3
106,8.5,0.9,5.7,0.1,8.8,3.55
107,6.8,2.4,7.0,2.6,5.2,2.97
108,7.6,3.1,7.0,3.7,2.6,3.28
109,9.3,3.8,5.7,4.8,0.4,3.05
110,7.3,3.9,7.5,1.7,3.6,3.08
111,8.2,1.0,5.4,0.8,8.6,3.3
112,5.9,1.4,9.5,2.8,4.4,2.7
113,8.3,0.7,6.0,0.2,8.8,3.14
114,5.9,0.4,5.6,2.8,9.3,2.73
115,6.0,1.5,7.5,4.1,4.9,2.76
116,9.4,3.7,5.3,1.6,4.0,3.45
117,9.0,3.0,5.9,1.3,4.8,3.29
118,8.1,1.5,7.3,4.5,2.6,2.75
119,5.2,1.0,8.6,5.4,3.8,3.4
120,5.5,1.8,7.7,1.5,7.5,3.05
121,6.3,1.5,5.1,1.9,9.2,2.82
122,5.6,3.6,8.0,4.1,2.7,2.62
123,8.9,2.0,5.4,3.2,4.5,3.64
124,7.2,0.5,6.4,2.2,7.7,3.19
125,8.2,2.3,6.8,5.9,0.8,2.95
126,5.5,0.6,6.2,1.0,10.7,2.94
127,5.9,1.1,5.9,5.4,5.7,2.89
128,7.1,3.9,5.6,2.4,5.0,2.9
129,9.8,3.5,9.1,0.4,1.2,3.57
130,9.6,2.2,7.9,1.2,3.1,3.24
131,8.8,0.7,6.6,2.6,5.3,2.99
132,5.6,2.4,6.4,3.5,6.1,2.85
133,5.8,1.9,7.7,0.3,8.3,2.7
134,5.3,4.0,6.6,4.9,3.2,2.72
135,6.3,2.7,8.8,3.6,2.6,2.45
136,6.7,3.7,9.2,4.2,0.2,2.85
137,5.6,2.9,9.7,1.1,4.7,2.86
138,7.9,3.4,5.7,4.8,2.2,3.15
139,6.0,0.7,5.8,4.9,6.6,2.96
140,6.8,3.5,7.0,4.9,1.8,3.44
141,7.2,1.5,7.3,1.8,6.2,3.08
142,6.2,3.6,6.9,3.3,4.0,3.27
143,9.5,2.5,5.6,5.6,0.8,3.13
144,5.7,3.2,8.1,3.2,3.8,3.08
145,9.5,3.2,5.8,1.7,3.8,3.59
146,5.2,2.3,8.8,5.3,2.4,2.61
147,6.7,3.3,5.6,5.1,3.3,2.95
148,9.0,0.6,6.1,4.3,4.0,3.15
149,8.6,2.6,8.5,2.3,2.0,3.14
150,5.9,3.6,7.9,2.4,4.2,2.64
151,7.3,3.8,5.8,3.5,3.6,3.58
152,5.1,3.5,9.7,3.2,2.5,2.79
153,8.5,3.7,8.5,0.5,2.8,3.65
154,7.1,2.9,9.7,4.0,0.3,3.33
155,7.3,0.5,9.9,5.0,1.3,3.11
156,8.0,1.6,5.3,2.0,7.1,3.42
157,9.0,0.0,6.7,2.4,5.9,3.51
158,6.7,1.4,8.7,2.7,4.5,3.02
159,6.1,1.8,5.7,1.1,9.3,2.38
160,9.6,1.4,7.9,3.2,1.9,3.43
161,5.1,2.7,5.9,5.8,4.5,2.71
162,5.4,4.0,7.5,3.6,3.5,2.59
163,5.3,3.0,6.0,5.4,4.3,2.68
164,5.2,1.9,7.8,0.4,8.7,2.67
165,8.9,1.8,7.6,2.5,3.2,3.58
166,5.8,0.7,9.3,5.7,2.5,2.46
167,6.9,1.1,8.2,2.5,5.3,3.22
168,5.1,0.9,6.2,4.0,7.8,3.02
169,5.1,0.4,9.0,1.1,8.4,2.52
170,5.5,1.0,8.6,5.1,3.8,2.97
171,9.2,1.6,8.3,1.0,3.9,3.5
172,5.1,0.3,6.0,0.2,12.4,2.7
173,5.9,2.3,7.1,5.4,3.3,2.78
174,6.3,1.5,8.0,1.6,6.6,3.15
175,8.1,1.6,7.8,2.6,3.9,3.26
176,8.8,0.6,9.3,2.6,2.7,3.3
177,9.5,3.2,7.1,0.1,4.1,3.49
178,8.2,1.0,5.7,5.0,4.1,2.89
179,9.9,2.1,5.9,1.6,4.5,3.52
180,6.4,2.2,8.3,5.0,2.1,2.76
181,6.0,0.0,5.7,5.4,6.9,2.95
182,8.0,2.7,5.9,5.5,1.9,3.4
183,7.1,1.5,7.6,0.3,7.5,3.17
184,5.4,2.4,6.2,2.3,7.7,2.66
185,6.4,1.4,8.6,1.8,5.8,2.77
186,8.3,3.7,8.7,0.7,2.6,3.77
187,5.2,1.0,8.0,0.3,9.5,3.29
188,6.7,3.1,5.5,0.5,8.2,2.99
189,8.6,2.0,8.4,2.2,2.8,3.43
190,9.0,2.8,6.4,3.4,2.4,3.24
191,6.8,0.4,9.6,0.8,6.4,3.01
192,5.9,2.2,9.4,4.4,2.1,3.01
193,9.0,2.6,8.5,3.3,0.6,3.34
194,6.1,4.0,9.7,0.2,4.0,2.58
195,8.5,3.7,5.9,3.4,2.5,3.06
196,9.6,3.9,9.7,0.4,0.4,3.65
197,9.3,3.4,6.6,3.9,0.8,3.41
198,6.2,0.5,5.4,4.2,7.7,2.84
199,6.7,2.9,5.3,1.9,7.2,3.29
200,6.6,2.5,9.4,3.4,2.1,3.03
201,6.2,0.1,9.4,0.1,8.2,2.95
202,9.7,3.2,10.0,0.4,0.7,3.67
203,8.8,1.6,7.4,3.8,2.4,3.23
204,7.1,3.0,6.2,0.7,7.0,3.36
205,6.8,1.1,6.5,1.4,8.2,3.01
206,6.9,2.7,6.1,5.7,2.6,3.08
207,8.9,0.4,7.1,5.3,2.3,3.33
208,8.1,0.7,10.0,1.2,4.0,3.35
209,9.7,2.6,8.0,1.9,1.8,3.33
210,6.1,0.7,8.9,2.1,6.2,2.81
211,5.3,3.9,9.4,5.0,0.4,3.08
212,8.5,0.6,9.1,1.3,4.5,3.16
213,6.1,2.1,8.0,3.5,4.3,2.79
214,9.4,3.8,9.3,1.2,0.3,3.33
215,8.3,2.2,5.4,2.5,5.6,2.97
216,8.6,2.0,5.4,1.3,6.7,3.14
217,8.4,0.3,9.3,3.0,3.0,3.77
218,9.1,1.4,8.4,2.9,2.2,3.26
219,6.3,3.5,9.0,3.4,1.8,3.11
220,8.5,2.7,8.1,3.5,1.2,3.38
221,5.8,3.5,9.4,0.2,5.1,2.84
222,6.7,3.0,5.8,4.9,3.6,3.03
223,9.2,2.0,5.0,1.7,6.1,3.42
224,8.2,1.0,8.2,3.2,3.4,3.24
225,8.9,0.4,8.8,3.2,2.7,3.32
226,8.2,3.7,5.5,5.6,1.0,3.29
227,8.4,0.3,6.5,4.2,4.6,3.29
228,6.7,2.5,5.2,5.2,4.4,2.86
229,9.9,3.9,8.7,0.2,1.3,3.8
230,8.4,1.8,6.4,6.0,1.4,3.25
231,7.1,1.8,5.8,4.8,4.5,2.86
232,5.4,2.7,8.3,1.6,6.0,2.95
233,9.8,0.6,7.2,5.7,0.7,3.84
234,7.0,1.1,9.9,2.5,3.5,2.84
235,9.5,0.9,6.1,0.2,7.3,3.17
236,9.3,1.9,9.8,0.6,2.4,3.68
237,9.3,3.1,8.9,2.3,0.4,3.52
238,5.7,0.1,9.6,3.7,4.9,3.12
239,9.0,1.9,5.6,0.8,6.7,3.21
240,6.0,2.0,5.3,3.5,7.2,3.26
241,6.3,3.2,6.6,2.7,5.2,2.85
242,8.0,1.2,8.5,5.2,1.1,2.72
243,8.9,0.2,7.4,0.6,6.9,3.33
244,8.1,2.8,7.8,0.1,5.2,2.98
245,6.6,2.1,5.4,2.1,7.8,2.79
246,7.8,2.8,9.0,0.9,3.5,3.11
247,5.8,0.4,8.2,4.2,5.4,2.88
248,8.5,3.5,8.6,2.7,0.7,3.15
249,6.7,3.3,5.4,5.4,3.2,3.27
250,7.3,2.6,7.6,4.4,2.1,3.13
251,5.4,0.2,6.2,1.0,11.2,2.75
252,9.9,1.3,5.9,4.7,2.2,3.57
253,8.3,2.0,7.8,4.2,1.7,3.25
254,6.0,2.7,5.4,0.2,9.7,2.92
255,6.3,1.9,9.3,4.4,2.1,2.85
256,6.7,1.5,9.9,0.2,5.7,3.32
257,9.3,2.3,7.2,3.8,1.4,3.61
258,9.5,1.7,6.4,3.6,2.8,3.42
259,9.6,0.8,8.1,3.5,2.0,3.31
260,8.6,3.6,5.9,1.4,4.5,3.37
261,9.9,0.7,9.3,2.0,2.1,3.59
262,7.2,2.1,6.8,3.6,4.3,3.01
263,5.8,1.6,9.8,1.5,5.3,2.61
264,8.9,0.5,9.8,2.2,2.6,3.57
265,6.2,0.3,5.8,3.1,8.6,3.13
266,7.2,1.0,8.1,4.2,3.5,2.98
267,5.8,0.7,5.2,4.4,7.9,2.81
268,9.2,3.2,7.9,3.2,0.5,3.8
269,6.0,0.4,6.3,0.3,11.0,3.05
270,5.2,0.5,7.3,5.6,5.4,2.79
271,6.6,2.0,5.2,0.9,9.3,3.17
272,7.3,2.1,7.4,4.0,3.2,3.16
273,5.7,0.1,6.5,4.2,7.5,2.98
274,9.8,0.4,8.4,2.4,3.0,3.26
275,9.3,0.7,8.5,4.6,0.9,3.43
276,7.5,2.5,9.3,2.7,2.0,3.2
277,5.2,3.7,8.4,4.1,2.6,2.91
278,7.0,2.6,5.5,3.9,5.0,2.82
279,10.0,0.2,9.9,1.6,2.3,3.56
280,7.8,3.0,9.4,1.5,2.3,3.25
281,6.6,2.7,9.0,4.3,1.4,2.93
282,9.1,0.5,7.7,0.0,6.7,3.64
283,6.6,1.5,7.0,4.2,4.7,2.79
284,6.2,1.5,6.1,0.4,9.8,2.5
285,8.0,2.7,8.1,2.4,2.8,3.4
286,7.6,1.9,5.1,2.0,7.4,3.08
287,6.9,1.6,7.9,3.2,4.4,3.31
288,9.1,2.9,9.8,0.0,2.2,3.48
289,6.0,0.0,8.2,5.4,4.4,2.92
290,5.3,3.7,6.8,0.6,7.6,2.78
291,7.4,1.0,6.4,1.8,7.4,3.15
292,6.6,2.4,8.6,1.6,4.8,3.27
293,7.1,0.5,5.9,4.1,6.4,3.09
294,8.5,0.4,7.8,1.5,5.8,3.01
295,9.8,1.9,9.0,1.8,1.5,3.5
296,9.8,2.4,9.1,2.4,0.3,3.38
297,6.1,0.8,8.1,2.5,6.5,2.67
298,8.9,1.1,9.1,2.1,2.8,3.2
299,8.3,0.4,8.1,2.7,4.5,3.01
300,8.7,3.5,6.1,0.5,5.2,3.37
301,5.1,2.6,8.0,3.3,5.0,2.65
302,8.0,2.0,9.9,0.6,3.5,2.93
303,8.5,1.6,7.1,4.3,2.5,3.39
304,6.4,0.3,5.4,5.4,6.5,3.29
305,6.0,1.3,6.1,2.1,8.5,2.91
306,5.3,3.2,6.2,3.2,6.1,2.64
307,9.4,2.6,7.7,1.4,2.9,3.66
308,10.0,2.6,7.8,2.6,1.0,3.26
309,7.3,0.2,7.8,5.7,3.0,3.2
310,6.0,2.1,5.5,2.7,7.7,2.72
311,8.8,1.4,8.3,4.4,1.1,3.1
312,10.0,3.7,7.7,2.2,0.4,3.44
313,7.6,2.5,5.4,4.5,4.0,3.17
314,8.9,2.8,5.2,1.8,5.3,3.3
315,6.3,1.4,5.4,5.6,5.3,2.58
316,7.0,1.8,8.0,3.1,4.1,3.15
317,9.6,2.0,10.0,2.0,0.4,3.46
318,6.9,3.5,9.3,3.5,0.8,3.02
319,9.0,1.2,5.4,2.4,6.0,3.46
320,6.7,3.9,8.2,4.3,0.9,2.83
321,5.7,3.4,9.6,2.6,2.7,3.13
322,5.9,2.0,7.0,0.9,8.2,3.0
323,6.8,0.3,5.1,0.8,11.0,3.03
324,9.8,1.7,6.6,3.0,2.9,3.58
325,7.2,0.4,8.2,1.3,6.9,3.39
326,5.8,0.2,8.9,2.8,6.3,3.11
327,5.3,4.0,5.3,4.2,5.2,2.67
328,8.5,0.2,7.5,6.0,1.8,3.21
329,9.1,2.5,6.5,3.7,2.2,2.85
330,5.7,3.5,7.2,1.2,6.4,3.04
331,6.8,1.7,9.1,4.4,2.0,2.9
332,5.1,1.0,8.8,0.8,8.3,2.25
333,7.7,0.9,5.1,1.4,8.9,3.15
334,5.5,2.2,7.3,5.1,3.9,2.94
335,5.5,2.0,5.8,1.9,8.8,2.79
336,6.9,1.6,7.3,4.7,3.5,3.38
337,9.5,3.8,8.9,0.6,1.2,3.3
338,6.3,3.4,5.2,5.4,3.7,3.31
339,7.3,2.5,8.3,5.3,0.6,3.36
340,5.3,2.1,5.8,4.4,6.4,3.11
341,7.6,2.7,5.2,0.5,8.0,3.07
342,5.4,0.0,9.8,4.4,4.4,2.85
343,6.8,1.2,6.7,4.6,4.7,2.81
344,5.9,0.4,8.3,4.6,4.8,2.99
345,6.3,0.1,5.4,5.8,6.4,3.14
346,8.1,1.5,6.0,0.7,7.7,3.06
347,8.1,3.1,8.2,2.4,2.2,3.09
348,9.9,2.4,7.9,2.8,1.0,3.67
349,9.1,2.6,5.6,2.0,4.7,3.16
350,7.2,2.5,9.7,1.1,3.5,2.69
351,5.6,0.8,9.4,3.9,4.3,3.01
352,9.3,3.4,9.6,0.4,1.3,3.28
353,8.8,1.8,9.2,3.1,1.1,3.45
354,5.9,2.2,9.9,5.6,0.4,3.12
355,5.2,0.7,5.7,4.4,8.0,2.67
356,7.5,3.4,8.7,2.4,2.0,3.24
357,8.0,2.0,6.5,3.4,4.1,3.35
358,8.2,3.0,5.8,2.8,4.2,3.31
359,5.0,1.0,8.6,6.0,3.4,2.71
360,9.0,0.8,7.8,4.4,2.0,3.18
361,8.1,0.8,6.8,4.7,3.6,3.19
362,8.8,0.1,8.7,1.2,5.2,3.32
363,9.8,1.5,6.6,0.9,5.2,3.61
364,10.0,1.5,7.2,3.8,1.5,3.43
365,9.4,2.4,7.0,2.1,3.1,3.1
366,9.0,0.4,7.9,2.9,3.8,3.6
367,8.2,0.3,7.9,3.4,4.2,3.64
368,8.4,3.2,6.3,5.0,1.1,3.5
369,7.5,0.3,5.3,2.0,8.9,3.26
370,8.9,2.1,7.2,0.9,4.9,3.53
371,6.6,1.7,5.4,1.3,9.0,3.29
372,10.0,3.7,8.2,0.9,1.2,3.63
373,8.2,3.1,5.6,2.5,4.6,3.16
374,7.9,2.4,5.9,2.2,5.6,3.4
375,6.7,0.1,5.1,5.0,7.1,3.03
376,6.5,3.8,6.3,2.6,4.8,2.62
377,9.4,3.4,5.9,4.3,1.0,3.18
378,5.7,0.3,8.6,3.0,6.4,2.28
379,7.2,2.9,8.8,0.8,4.3,2.88
380,8.8,2.6,9.8,0.2,2.6,3.38
381,5.3,1.1,6.3,1.5,9.8,2.75
382,6.4,3.0,7.2,4.7,2.7,3.03
383,5.3,2.0,5.2,0.4,11.1,2.31
384,6.7,3.6,5.1,4.0,4.6,3.18
385,9.8,2.2,9.7,0.1,2.2,3.16
386,8.7,3.9,6.3,3.3,1.8,3.2
387,6.0,2.3,7.3,5.8,2.6,2.58
388,5.6,0.6,6.1,1.5,10.2,3.07
389,9.3,2.2,7.6,0.6,4.3,3.48
390,5.3,2.8,7.7,0.5,7.7,2.93
391,7.3,1.9,5.8,5.7,3.3,3.18
392,7.3,1.6,8.3,3.3,3.5,3.28
393,5.3,2.1,9.0,2.8,4.8,2.67
394,5.8,1.3,8.8,3.1,5.0,2.71
395,6.0,3.5,9.4,4.4,0.7,2.84
396,9.9,3.1,5.1,0.4,5.5,3.17
397,7.3,3.6,7.7,2.7,2.7,3.15
398,9.1,1.5,8.9,4.3,0.2,3.21
399,6.0,2.1,6.4,4.8,4.7,3.27
400,9.0,1.6,9.6,2.0,1.8,3.57
401,5.8,2.8,9.0,1.9,4.5,2.8
402,5.9,3.6,8.3,0.9,5.3,2.8
403,7.2,2.5,5.4,5.3,3.6,3.08
404,9.8,1.7,9.9,1.7,0.9,3.75
405,8.2,0.7,9.4,2.4,3.3,3.47
406,8.6,3.6,5.4,4.4,2.0,3.81
407,5.9,3.4,9.1,3.0,2.6,2.68
408,7.4,3.3,7.3,2.1,3.9,3.34
409,7.5,3.3,6.7,1.0,5.5,3.29
410,5.5,1.0,5.7,2.1,9.7,2.93
411,7.3,3.0,8.3,3.4,2.0,3.29
412,7.4,3.9,8.2,0.6,3.9,3.02
413,8.4,1.3,8.4,0.4,5.5,3.32
414,6.1,3.3,6.4,3.9,4.3,2.86
415,8.5,2.1,6.5,1.3,5.6,3.38
416,9.4,3.1,8.9,1.7,0.9,3.45
417,6.3,3.6,8.4,3.2,2.5,2.92
418,7.3,3.5,7.7,2.1,3.4,2.9
419,9.9,0.4,7.1,0.3,6.3,3.55
420,6.4,3.4,6.5,5.5,2.2,3.0
421,8.8,3.2,5.1,5.8,1.1,3.13
422,9.1,1.1,9.4,0.5,3.9,3.58
423,8.5,2.2,5.5,1.5,6.3,3.27
424,6.5,2.4,6.5,1.8,6.8,2.91
425,8.7,0.2,9.5,4.8,0.8,3.5
426,9.5,0.7,5.4,1.4,7.0,3.77
427,9.0,0.1,7.9,6.0,1.0,3.36
428,5.3,3.3,8.0,0.7,6.7,3.03
429,5.5,3.6,8.3,5.0,1.6,2.86
430,7.6,1.7,6.6,2.6,5.5,3.34
431,8.9,2.4,9.5,1.4,1.8,3.66
432,8.0,2.8,6.2,3.1,3.9,3.46
433,5.5,1.5,7.4,3.9,5.7,2.85
434,8.7,2.0,8.2,0.4,4.7,3.42
435,6.3,1.4,7.4,0.3,8.6,2.86
436,9.9,1.3,7.4,1.1,4.3,3.35
437,8.1,1.1,6.0,3.1,5.7,3.15
438,9.0,2.3,7.6,1.5,3.6,3.2
439,9.7,1.6,5.4,3.7,3.6,3.39
440,7.5,3.5,7.5,3.9,1.6,2.97
441,10.0,0.5,6.4,2.4,4.7,3.14
442,9.5,2.9,8.0,1.1,2.5,3.11
443,9.1,3.8,9.1,0.0,2.0,3.27
444,6.3,0.2,8.0,4.1,5.4,2.97
445,5.6,1.5,7.3,2.2,7.4,2.8
446,8.8,0.3,5.4,2.1,7.4,3.12
447,9.7,2.7,8.4,1.2,2.0,3.44
448,8.2,3.7,8.1,3.5,0.5,3.23
449,8.6,0.5,9.5,0.4,5.0,3.06
450,5.1,1.7,6.5,2.9,7.8,2.79
451,7.9,0.2,5.6,3.4,6.9,3.44
452,8.3,3.4,8.5,1.6,2.2,3.07
453,8.4,1.1,6.5,4.7,3.3,3.54
454,9.1,3.4,9.6,0.8,1.1,3.31
455,6.6,2.3,6.9,3.6,4.6,3.2
456,6.9,0.7,7.2,0.9,8.3,3.26
457,9.5,1.4,5.8,0.2,7.1,3.69
458,6.7,0.3,7.0,1.9,8.1,3.28
459,8.4,2.4,6.8,1.3,5.1,3.25
460,8.4,0.6,7.4,0.2,7.4,3.32
461,7.5,3.9,6.9,0.2,5.5,3.11
462,5.8,0.1,8.8,2.8,6.5,2.8
463,6.4,3.6,5.6,5.7,2.7,3.1
464,8.0,3.3,9.9,0.8,2.0,3.13
465,9.8,1.6,6.9,1.9,3.8,3.23
466,7.8,2.2,8.8,4.3,0.9,3.2
467,7.2,1.2,6.3,1.2,8.1,3.05
468,6.4,3.9,7.8,2.0,3.9,2.87
469,7.9,0.6,7.2,3.8,4.5,2.68
470,10.0,3.5,8.1,1.4,1.0,3.44
471,8.1,0.8,7.0,0.2,7.9,3.74
472,6.1,3.9,9.5,3.2,1.3,2.61
473,7.7,3.5,5.7,4.7,2.4,3.21
474,6.4,3.5,9.7,0.7,3.7,2.89
475,7.3,3.9,7.4,4.7,0.7,2.74
476,6.4,0.8,8.8,2.3,5.7,3.21
477,7.6,2.0,7.9,5.2,1.3,3.13
478,9.1,3.1,7.9,3.7,0.2,3.42
479,6.0,0.4,9.3,2.6,5.7,3.02
480,8.1,3.7,5.1,2.9,4.2,2.63
481,8.4,2.9,8.5,0.6,3.6,3.07
482,9.0,1.1,6.1,5.7,2.1,3.07
483,5.0,4.0,8.4,5.0,1.6,2.9
484,8.7,0.6,8.8,4.5,1.4,3.41
485,8.3,3.1,9.2,2.1,1.3,3.24
486,5.4,1.6,7.0,0.4,9.6,2.63
487,6.7,0.4,9.0,5.7,2.2,2.63
488,5.4,2.0,9.0,4.2,3.4,2.85
489,5.3,0.3,7.0,1.8,9.6,2.64
490,9.0,3.7,7.0,3.9,0.4,3.16
491,6.6,1.9,6.1,3.8,5.6,3.0
492,6.8,2.6,5.6,5.3,3.7,3.08
493,7.5,1.8,7.9,3.7,3.1,3.17
494,6.2,2.9,9.1,4.7,1.1,2.83
495,7.8,2.1,5.7,4.7,3.7,3.16
496,6.4,0.5,8.1,0.3,8.7,2.61
497,8.7,1.3,5.0,3.1,5.9,3.24
498,9.2,0.0,6.2,4.4,4.2,3.41
499,6.6,0.4,6.8,1.6,8.6,2.89
500,8.9,3.6,7.2,3.9,0.4,3.51
501,6.9,3.9,5.4,4.1,3.7,2.55
502,8.2,2.8,5.0,1.0,7.0,3.2
503,8.6,2.7,9.8,2.2,0.7,3.31
504,6.5,0.4,8.9,3.9,4.3,3.01
505,5.2,1.4,9.8,3.0,4.6,2.49
506,6.0,1.5,6.8,0.3,9.4,2.44
507,8.8,1.7,9.1,3.7,0.7,3.44
508,7.4,3.5,6.1,4.1,2.9,2.88
509,8.0,1.2,5.7,3.9,5.2,3.03
510,8.2,1.6,8.6,1.1,4.5,3.46
511,9.5,1.1,6.8,0.3,6.3,3.43
512,6.3,3.3,5.1,2.3,7.0,2.74
513,6.7,0.1,5.6,2.5,9.1,2.49
514,7.7,2.4,5.0,2.8,6.1,3.12
515,9.8,2.1,8.4,1.2,2.5,3.61
516,7.6,3.9,5.6,0.1,6.8,3.28
517,8.9,3.2,5.6,1.6,4.7,3.36
518,6.7,1.5,5.0,1.8,9.0,3.31
519,8.2,3.9,9.2,0.1,2.6,3.26
520,8.9,1.8,7.0,1.8,4.5,3.38
521,5.3,0.9,6.2,2.9,8.7,2.76
522,5.3,3.8,9.7,4.1,1.1,3.13
523,10.0,2.2,9.8,0.2,1.8,3.25
524,6.0,0.6,8.1,4.7,4.6,2.78
525,7.9,0.6,9.1,3.8,2.6,3.5
526,6.3,1.4,9.6,1.7,5.0,2.74
527,7.3,3.6,8.5,0.3,4.3,2.93
528,5.7,3.8,7.6,1.5,5.4,3.27
529,7.5,2.7,5.4,1.6,6.8,3.09
530,7.7,1.7,5.2,1.0,8.4,3.43
531,7.2,0.8,5.2,5.1,5.7,2.99
532,9.8,0.8,9.8,3.6,0.0,3.59
533,8.6,3.9,7.8,1.0,2.7,3.69
534,5.4,2.5,9.9,1.1,5.1,2.54
535,9.0,3.6,9.7,1.6,0.1,3.44
536,8.8,0.6,7.4,4.3,2.9,3.32
537,6.2,2.6,8.3,1.0,5.9,3.23
538,7.5,0.0,5.0,2.1,9.4,3.2
539,9.6,0.9,8.2,1.2,4.1,3.62
540,8.6,0.4,7.1,0.2,7.7,3.2
541,7.4,2.6,5.6,1.7,6.7,3.26
542,10.0,0.2,8.8,1.9,3.1,3.46
543,7.0,3.0,9.6,4.2,0.2,2.68
544,8.9,1.0,7.8,2.2,4.1,3.54
545,8.3,1.0,6.0,5.5,3.2,3.25
546,6.1,0.2,5.2,1.1,11.4,2.72
547,9.3,1.1,9.8,2.2,1.6,3.79
548,7.6,3.0,6.4,2.1,4.9,2.83
549,9.5,3.8,9.5,0.5,0.7,3.4
550,7.5,0.8,8.0,1.1,6.6,3.43
551,6.7,3.4,6.0,0.4,7.5,2.48
552,9.1,3.3,6.7,3.4,1.5,3.4
553,8.9,2.6,5.8,5.3,1.4,2.98
554,7.1,0.2,5.6,4.6,6.5,3.13
555,5.0,1.7,7.6,0.3,9.4,2.53
556,6.2,0.0,8.6,5.8,3.4,2.71
557,6.1,2.7,8.7,5.1,1.4,2.57
558,6.6,2.9,9.1,1.0,4.4,2.85
559,6.9,3.6,9.0,4.4,0.1,2.92
560,8.0,2.6,5.4,3.3,4.7,3.48
561,8.5,0.7,8.9,3.4,2.5,3.41
562,6.5,2.9,8.8,0.6,5.2,2.67
563,7.6,2.0,6.8,5.6,2.0,3.25
564,8.6,1.8,9.6,2.8,1.2,3.47
565,8.6,3.4,6.4,4.5,1.1,3.18
566,6.7,3.9,9.3,2.9,1.2,2.78
567,8.6,2.2,9.7,1.7,1.8,3.07
568,8.9,2.9,6.9,0.1,5.2,3.26
569,9.2,0.0,8.5,5.8,0.5,3.08
570,8.5,3.3,7.7,4.4,0.1,3.2
571,5.3,2.0,8.6,5.2,2.9,2.89
572,7.8,1.6,5.7,5.2,3.7,3.06
573,5.8,1.2,6.5,5.2,5.3,3.08
574,6.3,2.5,7.9,5.0,2.3,3.07
575,9.5,0.0,8.4,0.3,5.8,3.07
576,6.5,1.4,8.1,2.0,6.0,3.06
577,8.7,1.6,5.3,4.7,3.7,3.2
578,8.4,1.3,5.3,2.2,6.8,2.92
579,9.7,2.6,8.4,2.1,1.2,3.38
580,8.8,0.4,6.4,1.7,6.7,3.05
581,7.2,3.9,5.3,3.1,4.5,3.03
582,8.7,2.8,7.1,1.9,3.5,3.12
583,7.0,1.1,6.0,2.9,7.0,2.87
584,8.3,3.9,8.0,0.3,3.5,3.04
585,5.4,3.8,6.5,0.6,7.7,3.14
586,8.2,1.1,5.1,5.8,3.8,3.5
587,6.3,2.7,8.5,3.7,2.8,2.72
588,8.0,3.5,9.7,0.3,2.5,3.02
589,5.8,3.8,8.7,5.0,0.7,2.95
590,8.5,2.7,7.0,0.1,5.7,3.01
591,7.9,1.0,7.3,5.7,2.1,3.41
592,5.9,2.7,9.9,0.6,4.9,2.82
593,5.0,1.7,5.5,4.5,7.3,2.72
594,6.3,1.7,8.6,0.1,7.3,3.11
595,7.9,2.5,8.2,1.3,4.1,3.08
596,6.0,3.5,8.7,0.1,5.7,2.95
597,6.2,0.9,6.4,1.5,9.0,2.92
598,8.7,2.4,8.4,0.4,4.1,3.16
599,9.8,3.4,9.0,1.5,0.3,3.49
600,6.0,2.5,8.7,4.4,2.4,3.05
601,7.6,0.3,6.9,5.5,3.7,3.35
602,6.3,1.5,9.5,4.0,2.7,3.42
603,8.9,1.8,8.2,1.3,3.8,3.21
604,7.2,2.6,9.7,0.3,4.2,3.42
605,9.1,1.2,7.2,0.1,6.4,3.37
606,5.3,2.0,9.6,0.6,6.5,2.41
607,8.8,1.6,8.3,1.4,3.9,3.26
608,5.4,0.7,8.3,5.3,4.3,2.75
609,9.1,2.7,5.6,1.7,4.9,3.15
610,7.6,2.1,6.8,2.1,5.4,2.97
611,9.1,3.2,6.5,4.8,0.4,3.34
612,6.8,2.0,9.7,4.8,0.7,3.09
613,5.5,1.6,7.8,3.0,6.1,2.9
614,8.4,3.4,9.3,2.2,0.7,3.2
615,7.2,2.4,5.8,4.0,4.6,3.19
616,6.1,0.5,5.8,0.0,11.6,2.73
617,8.6,2.9,7.6,0.8,4.1,3.15
618,5.5,0.9,7.6,3.6,6.4,2.57
619,6.2,0.2,7.0,1.4,9.2,3.13
620,7.1,1.7,7.7,4.2,3.3,3.48
621,8.5,0.7,7.5,2.5,4.8,3.34
622,7.7,0.5,8.0,0.7,7.1,3.34
623,6.7,0.6,8.5,1.2,7.0,3.18
624,6.0,2.0,7.1,0.1,8.8,2.85
625,9.0,0.3,7.4,3.4,3.9,3.64
626,6.3,0.0,8.6,3.2,5.9,3.14
627,9.2,3.3,9.2,1.1,1.2,3.6
628,7.3,0.7,9.3,5.3,1.4,2.97
629,7.3,0.3,6.9,4.8,4.7,3.09
630,5.3,3.5,6.9,3.3,5.0,2.81
631,9.8,0.3,8.2,0.4,5.3,3.71
632,7.2,4.0,7.8,1.6,3.4,2.98
633,6.1,1.4,6.9,0.4,9.2,2.79
634,8.6,2.6,8.5,0.0,4.3,2.85
635,6.1,2.6,7.4,0.0,7.9,3.03
636,7.7,0.3,8.8,3.5,3.7,3.29
637,8.9,3.0,9.0,1.6,1.5,3.42
638,8.1,3.0,5.8,1.2,5.9,3.04
639,9.5,3.0,9.5,1.5,0.5,3.76
640,9.4,2.3,8.2,0.6,3.5,3.62
641,7.4,2.9,6.4,1.2,6.1,2.89
642,6.1,1.7,9.5,3.0,3.7,2.76
643,5.9,0.3,8.5,2.3,7.0,2.99
644,9.0,1.1,8.5,1.4,4.0,3.56
645,9.7,2.5,6.6,1.4,3.8,3.57
646,6.1,2.4,6.3,4.0,5.2,2.73
647,9.1,3.1,8.8,0.6,2.4,3.42
648,6.8,1.7,5.2,1.6,8.7,2.91
649,5.2,3.5,6.2,3.3,5.8,2.8
650,6.6,3.6,9.4,1.4,3.0,2.94
651,9.5,4.0,9.1,1.2,0.2,3.52
652,5.3,0.4,10.0,2.0,6.3,2.49
653,8.7,3.2,9.3,2.8,0.0,3.1
654,5.1,1.4,8.9,3.4,5.2,2.72
655,6.6,2.6,6.2,0.1,8.5,3.11
656,8.8,0.2,9.2,3.6,2.2,3.59
657,7.8,2.5,9.3,2.6,1.8,3.2
658,8.8,1.8,8.5,1.9,3.0,3.32
659,6.1,2.4,9.6,5.5,0.4,2.99
660,6.1,4.0,9.9,2.6,1.4,2.49
661,9.0,2.9,8.0,0.2,3.9,3.74
662,8.4,1.5,9.7,0.7,3.7,3.16
663,7.5,2.8,8.5,3.4,1.8,2.98
664,8.2,2.4,5.9,4.2,3.3,3.13
665,7.3,2.7,9.2,0.8,4.0,3.41
666,9.2,3.2,9.8,1.0,0.8,3.55
667,7.4,1.6,5.8,3.4,5.8,3.19
668,7.9,2.4,6.8,0.3,6.6,3.14
669,5.2,1.7,5.4,3.6,8.1,2.55
670,9.3,3.5,6.0,3.8,1.4,3.52
671,6.4,3.2,10.0,0.1,4.3,3.01
672,9.9,1.9,9.2,0.2,2.8,3.65
673,6.7,0.3,9.9,4.9,2.2,2.96
674,5.4,0.8,6.1,2.8,8.9,2.66
675,6.3,0.4,5.8,0.9,10.6,2.93
676,6.4,3.2,6.6,1.8,6.0,3.06
677,6.2,0.5,6.3,2.1,8.9,2.84
678,6.1,3.2,5.7,2.1,6.9,2.95
679,9.3,0.6,5.4,2.9,5.8,3.51
680,9.0,0.5,7.9,3.0,3.6,2.99
681,5.7,2.5,6.4,2.9,6.5,2.84
682,6.5,3.3,5.3,2.5,6.4,2.81
683,7.3,2.9,7.9,3.9,2.0,3.19
684,6.6,2.2,9.2,5.9,0.1,3.06
685,9.4,1.5,6.0,2.9,4.2,3.4
686,7.4,3.4,6.8,5.2,1.2,3.45
687,7.0,1.3,7.3,4.6,3.8,3.0
688,9.8,0.7,7.8,3.3,2.4,3.41
689,7.4,2.6,6.1,3.3,4.6,3.41
690,5.7,2.3,5.9,1.7,8.4,2.62
691,6.1,0.7,9.1,1.7,6.4,2.69
692,6.9,3.2,6.8,0.5,6.6,3.08
693,7.8,3.4,9.0,0.7,3.1,2.95
694,6.1,3.5,6.2,1.6,6.6,3.05
695,5.0,3.5,9.0,3.8,2.7,2.62
696,7.3,1.4,5.5,2.9,6.9,3.19
697,9.6,0.2,6.5,1.2,6.5,3.5
698,7.3,1.9,8.8,0.9,5.1,3.06
699,7.4,1.7,8.0,6.0,0.9,3.0
700,9.1,0.7,5.2,1.2,7.8,3.64
701,6.7,2.0,8.1,5.5,1.7,3.11
702,5.3,0.1,7.8,2.6,8.2,3.58
703,9.2,0.6,5.1,2.7,6.4,3.27
704,8.0,1.1,5.9,2.3,6.7,3.27
705,9.0,1.6,8.8,0.6,4.0,3.2
706,8.4,2.3,9.6,1.4,2.3,3.41
707,5.3,0.1,9.1,3.1,6.4,2.65
708,6.7,0.1,9.8,4.0,3.4,3.15
709,9.7,1.1,8.1,3.5,1.6,3.63
710,9.7,3.5,8.7,0.6,1.5,3.36
711,6.4,3.9,5.1,4.3,4.3,3.14
712,10.0,1.2,6.7,0.5,5.6,3.79
713,7.2,1.0,6.7,5.0,4.1,3.21
714,5.3,0.4,5.8,3.6,8.9,2.76
715,5.8,3.9,7.2,3.0,4.1,2.83
716,8.3,3.0,8.8,2.3,1.6,2.92
717,9.5,3.3,8.8,0.1,2.3,3.24
718,7.0,3.5,9.5,3.6,0.4,3.4
719,6.6,2.8,6.4,1.1,7.1,2.88
720,7.1,3.3,5.6,4.4,3.6,2.85
721,7.7,1.2,7.5,1.8,5.8,2.88
722,5.8,0.5,7.7,5.4,4.6,3.27
723,6.7,2.9,8.3,5.6,0.5,3.06
724,8.3,3.6,7.0,1.7,3.4,3.5
725,5.1,3.3,9.0,0.6,6.0,2.54
726,5.6,3.9,6.1,0.4,8.0,3.32
727,8.0,3.0,5.2,4.0,3.8,3.01
728,5.9,2.3,6.5,5.6,3.7,2.9
729,9.1,3.9,6.3,4.6,0.1,2.98
730,5.3,0.2,8.5,2.7,7.3,2.62
731,6.1,2.5,6.3,3.5,5.6,3.13
732,9.1,1.9,6.8,2.2,4.0,3.27
733,9.0,1.3,6.0,0.5,7.2,3.05
734,9.2,0.9,6.9,4.9,2.1,2.81
735,9.1,1.5,7.3,1.8,4.3,3.4
736,7.7,0.1,7.4,2.4,6.4,3.24
737,5.8,2.6,9.9,3.2,2.5,2.8
738,7.1,0.5,8.1,5.6,2.7,3.1
739,8.3,0.3,6.8,3.3,5.3,3.48
740,9.1,2.4,6.9,1.4,4.2,3.3
741,5.5,1.4,7.1,4.1,5.9,2.71
742,7.0,0.7,5.8,5.0,5.5,3.09
743,5.2,1.7,5.8,5.3,6.0,2.48
744,7.5,2.9,9.8,0.8,3.0,3.19
745,9.4,3.7,9.6,0.8,0.5,3.16
746,8.8,2.1,8.4,2.0,2.7,3.66
747,8.7,3.3,5.7,5.0,1.3,3.55
748,7.2,1.5,9.6,1.4,4.3,3.11
749,9.2,1.9,7.6,1.6,3.7,3.02
750,5.2,1.1,5.0,5.9,6.8,2.93
751,9.8,1.6,8.6,1.4,2.6,3.68
752,9.7,1.6,8.9,1.0,2.8,3.57
753,10.0,0.1,8.0,3.9,2.0,3.35
754,9.7,0.7,8.1,1.2,4.3,3.53
755,6.5,2.2,7.1,1.0,7.2,2.91
756,8.8,3.6,5.4,2.4,3.8,3.08
757,5.5,0.1,8.3,3.6,6.5,2.73
758,5.1,3.3,9.9,0.8,4.9,2.64
759,6.2,3.5,9.6,2.0,2.7,2.55
760,5.1,2.3,5.1,4.7,6.8,3.03
761,6.5,0.2,7.9,2.4,7.0,2.98
762,6.4,2.8,6.4,5.4,3.0,3.05
763,6.9,2.2,5.3,2.6,7.0,3.12
764,6.1,0.9,9.1,5.6,2.3,3.01
765,5.5,1.8,6.7,5.2,4.8,2.24
766,6.7,1.6,7.6,1.0,7.1,2.93
767,7.9,3.2,8.8,0.6,3.5,3.09
768,6.8,1.6,8.4,0.3,6.9,2.88
769,5.2,1.6,8.5,1.2,7.5,2.52
770,9.4,3.6,6.5,1.0,3.5,3.57
771,7.1,1.0,8.4,5.0,2.5,3.26
772,7.0,0.6,8.7,2.2,5.5,3.15
773,8.4,1.1,5.4,6.0,3.1,3.44
774,9.3,1.2,7.3,3.7,2.5,3.76
775,7.1,1.7,6.7,3.4,5.1,2.99
776,9.7,2.8,9.1,1.3,1.1,3.54
777,8.9,0.1,9.1,0.2,5.7,3.14
778,8.8,1.0,9.3,0.5,4.4,3.18
779,5.6,3.9,8.4,5.1,1.0,3.08
780,8.0,2.4,8.4,3.0,2.2,2.96
781,7.1,1.1,8.8,1.4,5.6,2.85
782,8.1,3.0,6.1,0.4,6.4,3.37
783,5.7,2.4,9.2,0.3,6.4,2.69
784,7.4,3.7,6.7,2.8,3.4,3.36
785,5.1,0.3,6.3,0.2,12.1,2.55
786,7.7,0.7,6.5,4.0,5.1,3.54
787,9.8,0.2,9.5,2.6,1.9,3.47
788,5.3,0.4,8.0,2.0,8.3,3.37
789,9.6,1.6,5.7,4.3,2.8,3.49
790,8.5,3.6,9.0,2.0,0.9,2.9
791,8.4,3.8,6.5,0.0,5.3,3.08
792,8.3,2.5,8.0,0.1,5.1,3.1
793,8.6,1.3,8.3,3.2,2.6,3.11
794,5.5,3.3,9.6,3.6,2.0,2.75
795,5.5,1.6,8.6,4.7,3.6,2.64
796,6.3,0.1,7.7,5.1,4.8,3.22
797,9.8,2.3,7.6,0.4,3.9,3.04
798,8.0,1.6,6.2,0.6,7.6,3.38
799,6.6,0.4,5.9,5.9,5.2,3.27
800,9.4,4.0,7.9,2.2,0.5,2.91
801,6.6,1.2,7.0,4.0,5.2,2.76
802,5.7,2.5,5.6,3.5,6.7,3.08
803,8.5,2.8,8.8,3.4,0.5,3.63
804,8.1,0.7,5.1,1.7,8.4,3.21
805,7.2,2.5,9.2,1.0,4.1,3.07
806,7.9,2.2,5.4,0.3,8.2,2.99
807,5.5,2.3,7.7,1.4,7.1,3.05
808,5.2,2.0,8.4,1.5,6.9,2.88
809,6.5,2.5,9.5,4.5,1.0,3.29
810,6.8,2.6,7.3,1.1,6.2,3.13
811,8.5,2.2,6.8,5.5,1.0,3.07
812,8.4,1.6,8.8,2.4,2.8,3.51
813,7.1,3.7,6.3,0.7,6.2,3.15
814,6.9,0.2,6.7,3.0,7.2,3.05
815,5.8,2.6,10.0,2.5,3.1,2.64
816,5.6,3.5,7.1,2.3,5.5,2.5
817,8.3,1.8,8.2,0.4,5.3,3.33
818,5.8,1.9,8.0,3.5,4.8,2.9
819,7.0,1.4,5.6,2.4,7.6,3.15
820,6.0,0.2,7.8,3.6,6.4,2.75
821,9.4,2.3,6.7,4.5,1.1,3.25
822,7.8,3.6,7.0,1.7,3.9,3.19
823,5.7,0.6,7.2,3.6,6.9,2.96
824,9.1,0.3,7.4,3.8,3.4,3.66
825,9.1,3.1,6.4,5.1,0.3,3.45
826,7.9,3.7,8.4,1.9,2.1,2.68
827,9.0,3.8,5.1,5.9,0.2,3.22
828,7.2,2.6,6.9,0.3,7.0,3.0
829,8.0,3.6,6.9,1.2,4.3,3.08
830,9.1,3.3,7.9,1.3,2.4,3.35
831,9.0,2.2,9.1,2.3,1.4,3.44
832,7.1,3.8,7.7,3.3,2.1,3.33
833,6.1,2.5,7.9,1.1,6.4,2.94
834,8.8,2.1,6.1,4.0,3.0,3.2
835,5.4,1.8,5.8,1.1,9.9,2.71
836,5.3,1.6,7.6,2.9,6.6,2.54
837,6.9,3.4,5.7,3.0,5.0,3.37
838,9.4,2.2,9.8,0.1,2.5,3.79
839,5.5,0.2,5.9,3.2,9.2,2.74
840,9.7,3.4,6.5,0.3,4.1,3.48
841,5.8,0.5,5.6,3.1,9.0,2.73
842,9.9,2.7,9.7,0.2,1.5,3.23
843,6.9,2.2,5.4,0.0,9.5,3.27
844,7.1,2.0,7.1,0.1,7.7,3.34
845,6.7,0.7,5.5,5.7,5.4,3.31
846,6.6,1.6,6.2,0.6,9.0,3.12
847,5.9,3.2,8.4,3.3,3.2,3.05
848,5.4,1.1,6.7,4.7,6.1,2.8
849,10.0,1.0,9.4,3.0,0.6,3.4
850,7.0,3.9,5.9,4.8,2.4,2.78
851,6.7,2.9,7.1,3.5,3.8,3.09
852,9.3,0.2,8.5,0.8,5.2,3.49
853,7.1,2.2,7.0,3.1,4.6,2.87
854,5.7,0.6,9.7,5.3,2.7,3.18
855,9.5,4.0,6.0,1.6,2.9,3.39
856,7.1,1.4,8.0,3.5,4.0,3.48
857,5.8,1.9,7.8,3.4,5.1,3.01
858,5.1,1.4,8.9,3.4,5.2,2.6
859,6.3,2.8,7.8,4.8,2.3,3.08
860,7.4,0.5,6.3,2.5,7.3,3.4
861,8.0,2.1,6.4,0.0,7.5,2.83
862,8.7,0.1,7.9,5.6,1.7,3.3
863,5.9,1.9,5.5,3.8,6.9,2.45
864,7.6,3.6,6.0,0.1,6.7,3.38
865,9.3,2.3,9.5,1.7,1.2,3.34
866,8.7,3.7,7.9,0.7,3.0,3.57
867,6.3,0.8,6.2,1.8,8.9,3.37
868,7.1,2.5,5.4,0.5,8.5,3.33
869,5.9,2.1,6.1,1.7,8.2,3.13
870,5.1,2.6,8.3,4.8,3.2,2.69
871,9.7,0.1,5.8,5.3,3.1,3.92
872,8.3,2.7,9.7,3.3,0.0,2.95
873,8.6,1.1,9.4,0.2,4.7,3.36
874,6.3,0.9,5.7,5.2,5.9,2.9
875,7.5,2.7,6.2,4.5,3.1,2.97
876,7.1,0.8,9.9,3.9,2.3,3.28
877,9.7,1.2,8.9,3.2,1.0,3.26
878,8.4,2.9,7.9,1.0,3.8,3.2
879,7.5,1.2,7.1,3.9,4.3,2.96
880,7.0,1.1,6.0,4.7,5.2,3.2
881,9.5,1.5,8.8,3.8,0.4,3.36
882,9.8,1.5,6.7,0.4,5.6,3.54
883,7.4,0.4,6.2,1.9,8.1,3.16
884,6.5,3.4,9.3,3.7,1.1,3.02
885,5.7,2.8,9.7,4.0,1.8,2.86
886,8.2,2.0,5.6,1.9,6.3,2.81
887,9.0,3.4,5.7,5.6,0.3,3.59
888,8.8,3.2,9.7,0.7,1.6,3.07
889,9.3,0.5,8.5,4.2,1.5,3.17
890,9.4,0.7,5.3,4.3,4.3,3.57
891,7.4,3.4,6.9,1.0,5.3,3.15
892,5.9,2.9,7.6,3.6,4.0,3.13
893,7.3,3.3,9.1,3.1,1.2,3.34
894,6.8,3.5,8.6,0.6,4.5,3.23
895,7.0,3.5,5.2,5.8,2.5,3.26
896,6.4,1.0,9.7,1.8,5.1,3.25
897,8.9,1.6,5.7,0.1,7.7,3.42
898,6.8,1.4,6.7,3.1,6.0,3.03
899,7.2,3.5,7.5,2.9,2.9,3.04
900,8.3,2.4,7.1,2.5,3.7,3.22
901,8.9,0.8,9.1,3.4,1.8,3.1
902,6.3,3.0,7.6,1.9,5.2,2.48
903,8.0,4.0,7.2,4.4,0.4,3.11
904,6.0,1.7,6.1,0.0,10.2,2.87
905,9.6,3.4,8.7,0.4,1.9,3.5
906,7.2,0.5,7.6,2.1,6.6,3.11
907,6.9,2.5,8.6,0.7,5.3,3.29
908,6.7,1.8,8.4,3.1,4.0,2.92
909,9.3,3.5,5.0,4.7,1.5,3.45
910,7.4,3.9,8.8,1.0,2.9,3.11
911,7.7,4.0,9.3,0.3,2.7,2.96
912,5.0,1.6,6.2,4.9,6.3,3.01
913,6.7,3.3,5.0,1.8,7.2,2.85
914,5.3,0.7,7.8,1.7,8.5,2.64
915,7.1,1.5,9.4,5.4,0.6,2.65
916,5.5,3.8,5.3,1.8,7.6,2.81
917,6.5,1.3,5.8,4.7,5.7,3.04
918,5.6,0.3,9.5,1.1,7.5,2.66
919,9.1,2.2,5.4,5.7,1.6,3.48
920,5.8,3.4,5.1,3.1,6.6,2.79
921,8.8,3.7,9.5,1.6,0.4,3.29
922,6.4,1.2,6.9,2.4,7.1,3.0
923,7.7,0.6,8.5,1.0,6.2,3.16
924,9.0,3.0,8.2,0.6,3.2,2.96
925,7.7,0.3,6.9,2.5,6.6,3.08
926,5.9,1.6,9.7,0.8,6.0,2.86
927,8.8,0.4,9.9,1.9,3.0,3.19
928,8.1,0.8,5.7,5.6,3.8,3.45
929,9.6,3.5,8.1,2.3,0.5,3.4
930,6.6,2.5,6.8,0.9,7.2,2.88
931,8.0,3.3,6.9,0.8,5.0,3.08
932,6.5,2.6,8.0,4.2,2.7,2.83
933,6.8,3.3,6.0,2.8,5.1,2.92
934,5.5,3.5,6.7,4.1,4.2,2.92
935,5.1,2.8,6.6,0.3,9.2,2.49
936,6.9,0.3,5.7,1.8,9.3,3.15
937,5.4,3.6,5.0,2.9,7.1,2.74
938,9.6,0.6,9.8,0.8,3.2,3.29
939,8.7,2.2,9.4,2.0,1.7,3.03
940,5.8,3.7,6.6,2.2,5.7,2.9
941,8.8,1.4,9.8,3.0,1.0,3.51
942,5.2,1.0,7.3,1.4,9.1,2.83
943,8.7,3.7,7.1,1.5,3.0,3.29
944,7.4,1.4,9.5,3.2,2.5,3.22
945,8.8,3.2,6.7,2.3,3.0,3.24
946,9.0,3.8,8.1,2.3,0.8,3.55
947,9.0,3.4,7.0,0.2,4.4,3.68
948,7.3,3.0,6.8,3.8,3.1,2.91
949,5.9,3.0,7.7,1.2,6.2,3.09
950,7.4,0.9,9.8,4.2,1.7,2.94
951,9.8,1.7,7.4,4.6,0.5,3.84
952,6.3,1.8,5.6,1.2,9.1,2.99
953,5.0,0.2,9.9,1.5,7.4,2.94
954,7.8,0.6,8.6,3.6,3.4,3.26
955,8.7,3.1,9.9,1.3,1.0,3.55
956,5.3,3.6,5.6,2.0,7.5,2.53
957,9.1,2.4,7.0,2.6,2.9,3.28
958,9.3,0.4,8.9,4.6,0.8,3.58
959,5.9,1.7,5.8,4.2,6.4,3.32
960,6.0,0.8,5.2,1.9,10.1,3.01
961,7.8,3.4,8.3,2.0,2.5,3.18
962,6.3,0.2,8.6,0.7,8.2,3.1
963,6.5,2.1,7.8,3.6,4.0,2.9
964,8.1,3.9,8.6,3.1,0.3,2.99
965,8.8,2.4,6.0,4.0,2.8,3.59
966,7.4,2.1,6.7,3.1,4.7,3.44
967,6.0,3.2,5.9,0.5,8.4,3.28
968,7.2,1.1,7.8,2.1,5.8,2.93
969,9.7,3.7,7.5,1.0,2.1,3.04
970,9.6,0.0,7.8,4.4,2.2,3.38
971,7.4,0.3,9.9,3.1,3.3,2.84
972,7.4,1.7,5.4,0.6,8.9,3.23
973,9.2,1.0,6.0,3.0,4.8,3.18
974,5.2,0.2,9.2,0.7,8.7,2.82
975,5.2,1.8,9.2,1.6,6.2,2.68
976,7.2,2.3,7.9,2.0,4.6,3.06
977,6.6,0.4,6.8,0.6,9.6,3.31
978,6.4,2.5,7.3,2.9,4.9,3.12
979,8.8,1.1,6.6,5.5,2.0,3.32
980,9.6,2.4,7.7,1.1,3.2,3.3
981,6.7,3.4,7.8,3.1,3.0,2.98
982,8.0,0.3,8.4,5.6,1.7,3.28
983,7.9,0.5,7.9,4.6,3.1,3.38
984,8.2,3.6,8.1,0.5,3.6,3.18
985,6.5,0.8,9.5,4.6,2.6,2.74
986,5.9,3.0,7.4,1.4,6.3,3.1
987,8.1,0.2,6.6,2.8,6.3,3.14
988,6.0,3.1,7.1,3.4,4.4,2.84
989,5.1,0.1,7.2,4.9,6.7,2.94
990,6.9,3.3,5.7,5.6,2.5,3.05
991,8.8,3.8,8.4,1.1,1.9,3.3
992,6.7,2.8,8.8,5.3,0.4,3.05
993,6.0,3.2,8.7,0.4,5.7,2.6
994,6.5,3.9,8.2,3.9,1.5,2.82
995,9.9,1.5,9.0,1.6,2.0,3.44
996,9.7,0.9,6.6,4.5,2.3,3.5
997,7.0,2.4,7.2,4.5,2.9,3.0
998,5.8,1.4,7.0,0.3,9.5,2.49
999,7.9,3.5,5.8,3.6,3.2,3.01
1000,8.5,1.6,7.5,0.0,6.4,3.63
1001,8.5,2.6,5.2,2.2,5.5,3.26
1002,7.5,3.6,8.6,2.5,1.8,3.19
1003,9.0,3.5,7.3,2.0,2.2,3.43
1004,8.5,0.3,9.3,2.8,3.1,3.26
1005,5.3,2.2,7.1,5.3,4.1,2.9
1006,7.8,0.2,9.9,3.1,3.0,3.07
1007,6.5,1.9,9.3,1.8,4.5,2.92
1008,6.5,3.1,7.4,1.4,5.6,2.93
1009,5.8,1.3,9.7,2.1,5.1,2.87
1010,5.9,3.6,7.3,4.3,2.9,2.95
1011,9.9,0.2,5.5,4.3,4.1,3.32
1012,5.2,0.1,8.9,0.8,9.0,2.66
1013,7.3,2.4,7.1,0.2,7.0,3.17
1014,7.2,2.1,7.4,2.3,5.0,3.13
1015,9.4,3.6,6.7,2.6,1.7,2.81
1016,6.4,3.8,5.7,3.5,4.6,3.07
1017,6.4,1.1,7.0,6.0,3.5,2.98
1018,5.4,0.6,7.2,3.1,7.7,2.68
1019,6.3,1.3,5.4,1.8,9.2,3.1
1020,9.5,0.0,9.1,5.1,0.3,3.05
1021,5.5,0.6,9.8,3.2,4.9,3.2
1022,8.7,4.0,6.4,2.6,2.3,3.21
1023,7.7,1.6,5.8,5.9,3.0,3.15
1024,8.0,0.9,7.7,4.2,3.2,3.44
1025,7.6,4.0,8.1,1.6,2.7,3.02
1026,6.9,1.4,7.2,4.7,3.8,3.14
1027,7.4,3.2,7.9,1.9,3.6,2.99
1028,6.1,2.0,6.3,0.1,9.5,3.05
1029,8.2,2.0,7.2,5.8,0.8,3.45
1030,5.7,2.3,9.3,3.5,3.2,2.9
1031,8.6,1.5,5.5,2.7,5.7,3.49
1032,6.2,3.9,9.8,1.0,3.1,2.87
1033,6.7,3.6,9.8,1.7,2.2,3.06
1034,8.4,1.1,8.7,0.3,5.5,2.86
1035,5.2,1.5,6.8,1.9,8.6,2.38
1036,6.0,1.2,9.9,2.5,4.4,2.88
1037,7.2,2.3,9.9,1.1,3.5,3.31
1038,8.0,0.4,8.4,0.4,6.8,3.39
1039,8.0,3.0,6.1,5.0,1.9,2.9
1040,5.7,3.8,5.4,1.2,7.9,2.81
1041,6.7,2.5,7.7,0.8,6.3,2.81
1042,6.1,1.6,8.5,1.3,6.5,2.76
1043,6.8,1.6,9.9,5.4,0.3,2.89
1044,5.3,1.3,6.3,3.0,8.1,2.94
1045,8.9,3.4,9.2,0.9,1.6,3.11
1046,5.3,2.8,5.0,2.5,8.4,3.02
1047,6.6,2.8,8.8,1.8,4.0,2.87
1048,7.2,2.9,8.5,5.3,0.1,3.26
1049,6.1,2.6,8.0,5.5,1.8,3.01
1050,7.8,1.1,7.4,2.0,5.7,3.04
1051,7.9,3.6,7.8,3.0,1.7,3.05
1052,6.2,2.0,6.6,1.1,8.1,2.94
1053,7.5,1.3,6.3,2.8,6.1,3.21
1054,5.5,3.1,9.0,4.6,1.8,2.97
1055,5.6,2.6,9.2,3.5,3.1,2.72
1056,7.6,0.1,8.2,0.5,7.6,3.56
1057,7.2,1.2,7.7,0.8,7.1,3.28
1058,5.8,0.4,5.7,5.3,6.8,3.0
1059,7.6,1.9,5.5,3.9,5.1,3.17
1060,8.1,0.3,5.6,0.3,9.7,3.25
1061,6.3,0.5,6.3,2.3,8.6,2.97
1062,9.2,2.8,5.6,4.4,2.0,3.5
1063,6.4,2.6,6.7,6.0,2.3,2.78
1064,9.7,0.1,8.5,4.1,1.6,3.26
1065,9.2,3.9,9.9,0.1,0.9,3.48
1066,8.2,0.5,8.3,5.9,1.1,3.44
1067,9.6,1.8,5.2,2.2,5.2,3.55
1068,7.3,0.2,7.1,2.8,6.6,3.27
1069,9.6,2.6,6.6,2.7,2.5,3.37
1070,6.8,2.7,8.3,4.3,1.9,2.58
1071,6.3,1.3,5.6,3.9,6.9,2.97
1072,9.3,3.6,7.2,1.8,2.1,3.3
1073,5.4,2.7,9.1,1.5,5.3,3.04
1074,9.4,1.0,7.8,1.1,4.7,3.36
1075,5.5,3.6,9.1,4.4,1.4,2.44
1076,7.7,0.4,8.8,3.5,3.6,3.0
1077,5.9,0.8,5.9,0.3,11.1,3.11
1078,5.1,0.2,7.9,4.9,5.9,2.82
1079,6.6,1.4,8.0,1.6,6.4,3.23
1080,8.7,2.7,6.0,2.1,4.5,3.67
1081,5.6,0.5,8.4,5.2,4.3,2.86
1082,5.9,0.4,9.1,3.5,5.1,2.96
1083,8.1,3.1,8.5,3.6,0.7,3.12
1084,8.2,1.3,9.8,0.2,4.5,3.38
1085,7.9,0.7,8.6,1.1,5.7,3.18
1086,9.6,0.8,5.7,4.6,3.3,3.12
1087,7.5,3.6,5.7,3.9,3.3,3.01
1088,8.4,2.4,8.8,1.4,3.0,3.17
1089,7.2,1.6,9.9,1.5,3.8,2.89
1090,7.8,1.0,9.6,1.5,4.1,2.9
1091,9.5,0.4,8.3,5.3,0.5,3.56
1092,8.4,1.2,5.9,1.8,6.7,3.25
1093,5.5,0.6,5.5,2.5,9.9,2.74
1094,5.7,2.6,6.0,0.6,9.1,2.92
1095,5.8,3.7,9.1,1.9,3.5,2.97
1096,8.4,2.7,8.1,1.3,3.5,3.68
1097,5.2,1.8,9.5,3.4,4.1,2.88
1098,8.4,3.9,9.9,1.2,0.6,3.08
1099,6.2,3.2,5.5,4.7,4.4,2.89
1100,8.2,1.7,7.2,1.9,5.0,3.38
1101,8.8,3.7,9.7,0.3,1.5,3.39
1102,6.3,0.3,6.3,5.5,5.6,3.06
1103,8.2,2.9,6.3,4.3,2.3,3.21
1104,8.1,0.6,9.1,1.4,4.8,3.15
1105,8.3,1.6,8.0,0.6,5.5,3.4
1106,10.0,0.8,6.3,4.0,2.9,3.39
1107,9.8,3.7,7.5,2.4,0.6,3.35
1108,6.4,3.3,6.9,0.5,6.9,2.9
1109,6.7,3.9,8.1,2.2,3.1,2.89
1110,5.4,0.2,5.6,3.5,9.3,2.98
1111,9.6,2.0,9.2,1.4,1.8,3.64
1112,5.9,1.4,8.2,0.4,8.1,3.07
1113,6.8,2.1,10.0,2.4,2.7,2.96
1114,9.0,2.4,9.4,1.3,1.9,3.61
1115,8.0,2.5,7.1,0.9,5.5,3.13
1116,6.1,2.9,6.6,3.0,5.4,3.01
1117,5.8,3.8,9.3,4.4,0.7,3.16
1118,5.7,0.0,5.1,3.5,9.7,2.75
1119,7.3,2.1,5.0,2.5,7.1,3.0
1120,8.7,0.9,9.1,3.1,2.2,3.65
1121,6.1,0.9,8.1,5.0,3.9,2.61
1122,9.3,2.7,7.2,2.3,2.5,3.29
1123,6.0,2.5,6.8,6.0,2.7,2.5
1124,7.8,3.7,9.0,1.6,1.9,2.6
1125,8.6,2.3,7.5,1.1,4.5,2.97
1126,9.6,1.3,9.8,1.8,1.5,3.39
1127,8.2,2.2,5.6,2.3,5.7,3.28
1128,7.2,3.1,6.1,1.0,6.6,2.92
1129,7.0,3.7,8.6,2.0,2.7,2.88
1130,9.9,2.7,6.4,2.9,2.1,3.49
1131,5.5,3.9,5.9,3.9,4.8,2.99
1132,8.9,2.7,8.1,3.8,0.5,3.14
1133,5.4,1.3,6.2,5.9,5.2,3.1
1134,8.4,0.8,6.2,1.7,6.9,3.12
1135,7.1,0.9,5.1,5.3,5.6,3.05
1136,6.7,0.0,8.4,5.0,3.9,3.05
1137,5.7,0.6,9.0,3.7,5.0,2.88
1138,6.5,1.5,8.8,4.9,2.3,2.88
1139,7.0,3.8,7.0,4.6,1.6,3.24
1140,9.5,0.3,9.7,3.7,0.8,3.42
1141,9.0,0.8,9.0,4.4,0.8,3.37
1142,5.2,0.6,7.7,3.5,7.0,2.77
1143,8.2,0.1,9.8,0.3,5.6,3.37
1144,8.3,3.3,5.1,3.3,4.0,3.27
1145,7.3,2.0,5.4,4.1,5.2,3.41
1146,7.4,0.6,8.2,1.0,6.8,3.11
1147,9.4,2.5,5.8,5.8,0.5,3.25
1148,8.1,1.0,9.0,4.8,1.1,3.22
1149,9.9,2.0,7.3,3.6,1.2,3.51
1150,7.7,0.4,7.1,5.1,3.7,2.94
1151,9.3,0.4,5.5,1.6,7.2,3.29
1152,8.1,1.4,8.9,1.3,4.3,3.27
1153,8.2,0.9,8.6,5.2,1.1,3.03
1154,7.1,0.6,8.5,4.6,3.2,3.11
1155,5.5,2.0,9.1,5.6,1.8,2.95
1156,7.7,1.6,9.2,2.7,2.8,3.16
1157,7.4,2.0,9.2,4.5,0.9,2.77
1158,7.5,2.3,6.2,4.8,3.2,2.93
1159,7.4,1.3,5.5,1.4,8.4,3.09
1160,5.8,1.8,6.5,0.2,9.7,2.92
1161,6.6,2.2,7.8,2.1,5.3,3.09
1162,6.9,1.0,6.2,2.7,7.2,3.02
1163,8.8,0.8,8.5,0.1,5.8,3.61
1164,6.7,2.3,6.0,4.5,4.5,2.92
1165,5.3,3.4,6.0,5.2,4.1,3.06
1166,6.6,3.6,5.6,1.1,7.1,2.82
1167,7.5,0.3,6.0,5.7,4.5,3.11
1168,9.6,2.2,6.3,4.1,1.8,3.49
1169,8.3,4.0,6.3,3.6,1.8,3.36
1170,7.5,1.2,5.8,1.7,7.8,3.25
1171,6.9,3.0,7.7,0.5,5.9,3.17
1172,8.2,3.2,7.3,1.9,3.4,3.2
1173,5.5,3.5,8.9,1.0,5.1,2.3
1174,8.1,3.8,7.9,2.3,1.9,3.72
1175,5.3,0.3,5.9,0.2,12.3,2.97
1176,5.7,3.3,5.8,1.8,7.4,3.04
1177,6.2,1.5,6.3,2.9,7.1,2.97
1178,5.3,0.6,5.3,3.8,9.0,2.79
1179,5.3,3.3,7.6,3.2,4.6,2.55
1180,6.0,1.3,8.0,1.3,7.4,2.95
1181,5.6,3.9,5.1,4.8,4.6,2.7
1182,5.7,0.6,8.5,3.9,5.3,3.05
1183,8.9,3.7,8.5,0.5,2.4,3.46
1184,6.0,0.3,8.5,2.4,6.8,2.81
1185,9.6,2.6,5.5,5.7,0.6,3.28
1186,7.0,0.2,7.5,0.7,8.6,2.81
1187,7.0,1.4,8.9,4.8,1.9,2.97
1188,6.9,0.6,9.0,4.2,3.3,2.83
1189,6.0,1.5,5.5,3.8,7.2,2.8
1190,7.9,3.6,7.8,0.8,3.9,3.45
1191,6.9,3.4,8.2,3.6,1.9,3.37
1192,8.8,2.4,5.8,4.8,2.2,3.38
1193,8.6,0.3,7.3,1.0,6.8,3.51
1194,8.1,2.7,9.2,0.9,3.1,2.78
1195,5.6,3.4,5.8,5.8,3.4,2.84
1196,9.9,0.4,6.5,3.8,3.4,3.73
1197,6.8,3.7,5.3,3.3,4.9,3.37
1198,6.3,1.5,9.2,1.2,5.8,3.15
1199,9.1,2.3,8.8,2.7,1.1,3.43
1200,9.3,1.7,9.8,1.4,1.8,3.12
1201,5.7,1.6,9.8,1.9,5.0,2.72
1202,8.6,1.2,8.9,2.3,3.0,3.24
1203,7.4,3.1,6.9,2.7,3.9,2.82
1204,7.6,3.2,6.8,3.1,3.3,2.87
1205,8.4,1.1,6.4,5.6,2.5,3.37
1206,8.2,0.1,8.1,3.1,4.5,3.56
1207,7.7,1.4,5.4,1.2,8.3,3.13
1208,7.3,0.2,5.2,4.3,7.0,3.21
1209,7.7,2.0,6.2,4.5,3.6,3.07
1210,7.3,1.1,6.2,3.9,5.5,3.0
1211,8.3,3.3,7.1,0.4,4.9,3.56
1212,5.0,2.1,5.2,3.4,8.3,2.9
1213,9.6,3.9,7.7,1.3,1.5,3.47
1214,5.3,1.9,6.2,2.8,7.8,2.87
1215,7.3,2.3,6.8,1.0,6.6,3.35
1216,8.3,1.4,9.7,4.2,0.4,3.25
1217,6.0,0.2,8.7,5.0,4.1,3.04
1218,5.1,1.0,7.3,3.8,6.8,3.24
1219,7.8,3.0,6.4,3.4,3.4,3.14
1220,8.8,2.8,10.0,0.7,1.7,3.16
1221,7.5,1.3,7.2,5.1,2.9,3.27
1222,6.0,3.5,5.3,5.3,3.9,2.97
1223,6.6,1.3,7.6,5.6,2.9,2.96
1224,9.3,1.6,6.0,2.5,4.6,3.31
1225,6.9,3.7,8.8,2.3,2.3,3.03
1226,5.3,1.0,7.2,0.9,9.6,2.85
1227,9.7,3.1,6.3,2.9,2.0,3.5
1228,9.4,2.1,8.9,2.0,1.6,3.43
1229,7.8,0.5,5.6,3.2,6.9,3.36
1230,9.8,1.9,5.3,3.3,3.7,3.93
1231,9.2,4.0,7.2,1.2,2.4,3.1
1232,5.2,1.4,6.3,4.1,7.0,3.12
1233,9.7,1.1,9.1,0.2,3.9,3.3
1234,9.7,3.1,8.3,2.4,0.5,3.47
1235,8.2,3.9,8.6,3.1,0.2,3.02
1236,7.6,0.5,8.0,2.9,5.0,3.15
1237,8.1,0.0,6.0,2.9,7.0,3.19
1238,7.1,2.9,8.0,1.8,4.2,3.17
1239,7.1,0.9,9.8,0.8,5.4,3.01
1240,6.1,3.1,6.0,0.5,8.3,2.9
1241,7.4,0.0,5.4,4.8,6.4,3.14
1242,9.3,2.7,5.3,4.7,2.0,3.41
1243,9.2,3.2,7.5,1.0,3.1,3.48
1244,9.9,0.6,6.1,1.3,6.1,3.63
1245,9.0,0.7,5.3,6.0,3.0,3.56
1246,7.8,3.6,9.6,0.0,3.0,3.09
1247,5.4,1.0,8.3,5.3,4.0,3.27
1248,5.9,3.2,9.8,1.4,3.7,2.71
1249,7.5,0.3,7.8,3.0,5.4,3.09
1250,6.7,2.1,7.9,0.1,7.2,2.78
1251,8.8,2.9,6.8,0.3,5.2,3.17
1252,5.9,2.3,5.8,2.1,7.9,2.66
1253,8.5,2.2,6.9,2.5,3.9,3.25
1254,5.4,3.5,5.4,4.2,5.5,2.81
1255,9.6,1.1,6.9,3.4,3.0,3.37
1256,8.3,1.6,7.4,0.3,6.4,3.29
1257,6.0,3.2,7.3,1.8,5.7,3.11
1258,8.7,1.1,5.6,1.5,7.1,3.24
1259,9.6,2.3,7.7,2.6,1.8,3.67
1260,7.6,0.5,5.6,3.2,7.1,3.04
1261,9.7,1.2,9.3,2.9,0.9,3.51
1262,6.0,1.5,7.5,4.4,4.6,2.8
1263,5.6,1.6,7.4,3.2,6.2,2.75
1264,9.0,2.8,7.8,3.1,1.3,3.43
1265,7.1,0.6,8.3,3.1,4.9,2.79
1266,9.5,2.3,5.4,2.7,4.1,3.67
1267,8.8,3.2,7.5,4.0,0.5,3.2
1268,9.5,3.6,8.4,2.1,0.4,3.11
1269,5.4,3.5,6.6,1.1,7.4,2.72
1270,6.3,1.3,5.7,1.8,8.9,2.65
1271,7.9,1.8,6.7,4.5,3.1,3.24
1272,6.7,3.0,5.8,0.8,7.7,3.09
1273,6.7,3.2,6.2,0.4,7.5,2.74
1274,7.8,2.1,8.3,1.4,4.4,3.31
1275,9.3,1.2,8.5,0.1,4.9,3.1
1276,7.7,0.3,9.0,1.3,5.7,2.9
1277,8.4,3.2,7.8,3.4,1.2,3.02
1278,9.0,1.2,7.9,4.4,1.5,3.62
1279,6.9,1.2,7.3,4.9,3.7,3.05
1280,8.3,3.6,5.5,1.4,5.2,3.4
1281,8.5,3.3,9.3,1.2,1.7,3.25
1282,6.2,1.2,8.9,0.5,7.2,2.76
1283,9.1,1.7,8.0,0.5,4.7,3.23
1284,9.8,3.2,7.3,0.8,2.9,3.42
1285,9.7,1.4,5.8,3.4,3.7,3.67
1286,7.4,4.0,8.4,0.3,3.9,3.15
1287,10.0,1.6,6.4,3.3,2.7,3.39
1288,5.0,1.8,9.2,3.4,4.6,2.7
1289,10.0,1.1,6.4,1.0,5.5,3.4
1290,9.0,3.6,9.9,0.3,1.2,3.19
1291,9.4,1.3,5.6,5.2,2.5,3.2
1292,7.1,1.1,8.7,2.7,4.4,3.15
1293,9.9,0.2,6.8,2.9,4.2,3.09
1294,8.6,3.5,9.7,1.8,0.4,3.3
1295,9.3,2.2,9.1,1.0,2.4,3.07
1296,7.3,1.1,9.8,1.8,4.0,2.91
1297,5.5,2.1,5.3,0.7,10.4,2.79
1298,7.2,3.2,8.7,2.1,2.8,2.78
1299,6.7,1.3,8.9,0.3,6.8,2.79
1300,6.2,3.7,9.3,3.4,1.4,2.92
1301,7.4,2.1,9.9,4.4,0.2,3.23
1302,6.0,0.9,8.4,2.4,6.3,2.79
1303,9.7,0.4,7.6,5.5,0.8,3.73
1304,5.8,3.9,9.6,0.8,3.9,2.57
1305,5.6,0.3,9.5,1.2,7.4,2.57
1306,8.0,0.3,6.1,5.6,4.0,2.76
1307,9.5,3.1,5.1,2.0,4.3,3.14
1308,9.5,2.5,5.4,5.5,1.1,3.59
1309,9.8,0.3,7.7,1.8,4.4,3.23
1310,7.9,3.8,7.5,0.4,4.4,3.11
1311,8.1,1.4,9.3,2.3,2.9,3.11
1312,8.8,1.1,8.8,1.1,4.2,3.22
1313,6.6,1.9,9.7,5.4,0.4,2.88
1314,5.7,2.0,7.3,5.4,3.6,2.62
1315,9.7,1.5,7.5,4.8,0.5,3.3
1316,6.1,0.8,5.2,3.9,8.0,2.56
1317,6.3,0.2,6.2,4.8,6.5,2.93
1318,7.1,3.9,6.0,1.3,5.7,3.3
1319,6.5,0.7,6.9,5.5,4.4,2.71
1320,9.7,0.2,6.1,3.4,4.6,3.81
1321,8.1,0.2,7.0,3.9,4.8,3.41
1322,6.6,0.4,7.1,0.8,9.1,3.27
1323,9.7,1.9,6.6,4.4,1.4,3.06
1324,9.1,3.5,8.4,0.1,2.9,3.36
1325,7.8,3.1,5.7,1.4,6.0,3.14
1326,7.2,0.0,9.1,2.2,5.5,3.41
1327,7.7,2.7,8.5,4.9,0.2,2.68
1328,9.8,2.6,6.5,0.6,4.5,3.62
1329,9.2,1.4,8.3,2.4,2.7,3.47
1330,5.3,1.7,7.7,2.6,6.7,2.54
1331,8.7,3.3,8.9,0.1,3.0,3.34
1332,9.7,3.3,9.2,0.5,1.3,3.18
1333,7.1,1.9,5.8,0.2,9.0,3.02
1334,9.6,2.3,8.3,3.5,0.3,3.41
1335,6.7,2.5,5.2,1.1,8.5,3.11
1336,6.8,1.5,7.7,0.0,8.0,3.15
1337,6.2,0.8,6.3,4.8,5.9,2.76
1338,7.5,3.5,6.2,0.5,6.3,3.0
1339,6.8,3.0,7.8,4.9,1.5,2.99
1340,5.2,3.9,6.9,0.9,7.1,3.28
1341,8.3,1.1,7.9,3.5,3.2,3.49
1342,6.3,1.8,7.7,4.0,4.2,2.91
1343,8.9,1.6,8.2,0.8,4.5,3.3
1344,8.6,0.1,6.0,2.9,6.4,3.42
1345,9.4,2.1,9.6,1.4,1.5,3.2
1346,9.0,1.0,9.5,4.1,0.4,3.34
1347,9.7,2.1,8.4,3.0,0.8,3.51
1348,5.2,2.0,5.8,1.1,9.9,2.58
1349,6.8,1.7,8.1,0.4,7.0,2.75
1350,7.9,2.5,7.8,4.3,1.5,3.19
1351,6.7,3.1,7.2,2.9,4.1,3.24
1352,6.5,0.3,5.5,5.5,6.2,3.28
1353,8.4,0.5,6.8,3.6,4.7,3.34
1354,5.0,0.8,9.8,3.7,4.7,2.69
1355,6.3,0.3,5.1,1.5,10.8,2.9
1356,8.6,3.7,7.0,0.9,3.8,3.48
1357,7.6,3.6,9.0,0.3,3.5,3.27
1358,9.5,0.5,7.7,5.3,1.0,3.78
1359,7.1,1.9,5.4,1.7,7.9,3.14
1360,6.4,1.8,8.4,1.0,6.4,2.93
1361,7.4,3.0,9.3,2.7,1.6,2.95
1362,9.7,0.5,8.9,1.3,3.6,3.53
1363,9.7,2.9,8.8,0.6,2.0,3.87
1364,8.8,0.4,9.8,4.5,0.5,3.12
1365,6.4,3.3,7.6,2.8,3.9,3.11
1366,8.6,1.6,8.1,4.0,1.7,2.94
1367,8.6,0.2,9.3,2.7,3.2,3.11
1368,7.4,3.5,6.9,4.5,1.7,2.95
1369,5.5,1.9,10.0,4.6,2.0,2.83
1370,6.2,1.6,8.9,4.6,2.7,2.63
1371,6.1,3.7,8.0,2.3,3.9,3.41
1372,7.8,1.9,7.5,1.1,5.7,3.18
1373,9.1,2.2,5.7,4.6,2.4,3.17
1374,7.6,0.5,9.7,1.1,5.1,3.07
1375,6.3,1.6,6.9,4.8,4.4,2.69
1376,6.3,2.0,5.7,3.7,6.3,2.91
1377,7.8,2.9,9.7,3.3,0.3,3.09
1378,9.5,3.9,9.3,0.1,1.2,3.28
1379,9.7,1.7,5.0,2.7,4.9,3.47
1380,6.7,1.9,8.1,5.2,2.1,2.88
1381,8.3,1.7,9.1,4.4,0.5,3.26
1382,6.4,0.2,8.3,5.2,3.9,2.75
1383,5.8,3.2,9.3,5.2,0.5,2.96
1384,6.6,2.2,5.3,0.3,9.6,2.94
1385,8.6,1.8,6.3,1.1,6.2,3.2
1386,7.4,1.4,6.6,5.8,2.8,2.87
1387,8.2,0.1,7.2,5.3,3.2,3.12
1388,8.8,2.4,7.9,0.3,4.6,3.26
1389,5.7,2.5,6.0,3.0,6.8,2.5
1390,9.7,3.4,8.6,0.2,2.1,3.53
1391,5.5,2.0,5.8,5.9,4.8,2.82
1392,6.8,2.6,5.6,2.6,6.4,2.77
1393,6.4,3.6,5.2,5.5,3.3,2.86
1394,8.9,0.1,9.8,2.7,2.5,3.51
1395,6.5,1.5,5.3,5.9,4.8,3.0
1396,7.2,3.8,6.2,3.2,3.6,3.02
1397,7.4,2.8,5.3,1.2,7.3,3.25
1398,5.9,2.3,6.1,5.2,4.5,2.72
1399,9.7,2.1,6.8,1.3,4.1,3.55
1400,9.7,1.6,8.5,2.1,2.1,3.87
1401,7.6,1.1,7.3,2.8,5.2,3.2
1402,6.6,0.2,7.5,3.3,6.4,3.02
1403,5.8,3.0,9.9,5.0,0.3,2.93
1404,8.5,1.8,7.7,5.1,0.9,3.23
1405,7.4,1.5,7.5,3.5,4.1,3.33
1406,5.5,2.4,5.6,0.5,10.0,3.11
1407,7.6,1.6,7.9,0.5,6.4,2.89
1408,9.9,2.2,8.4,1.1,2.4,3.43
1409,5.5,3.9,6.4,2.5,5.7,2.8
1410,9.1,2.1,6.4,0.4,6.0,3.37
1411,5.8,3.6,8.4,1.5,4.7,2.91
1412,7.9,1.6,6.8,1.3,6.4,3.1
1413,8.3,3.9,5.9,3.5,2.4,2.95
1414,6.3,3.3,7.4,3.3,3.7,2.52
1415,6.5,0.7,5.4,4.3,7.1,3.1
1416,7.0,1.7,7.3,2.2,5.8,2.85
1417,5.5,1.2,8.3,4.0,5.0,2.76
1418,6.0,0.8,5.1,5.4,6.7,2.54
1419,6.1,0.9,6.4,0.8,9.8,2.79
1420,5.7,2.6,6.7,4.2,4.8,2.9
1421,7.8,1.0,8.3,0.7,6.2,2.69
1422,6.3,2.4,9.4,5.9,0.0,3.22
1423,8.0,1.6,6.1,1.5,6.8,2.75
1424,9.6,1.5,6.9,2.3,3.7,3.37
1425,9.2,2.6,8.1,1.4,2.7,3.39
1426,7.0,2.0,8.3,0.1,6.6,3.27
1427,9.4,1.8,6.7,0.8,5.3,3.37
1428,7.0,2.7,7.1,5.8,1.4,2.47
1429,8.0,3.2,5.5,2.4,4.9,3.36
1430,9.3,0.3,5.4,5.1,3.9,3.02
1431,6.1,2.7,7.7,5.0,2.5,3.04
1432,7.1,1.3,8.0,5.6,2.0,3.08
1433,9.2,4.0,5.1,0.6,5.1,3.62
1434,6.4,1.0,8.9,0.3,7.4,3.04
1435,6.8,2.0,7.8,4.4,3.0,3.27
1436,7.9,2.2,8.2,1.5,4.2,2.87
1437,5.4,0.5,6.1,3.0,9.0,2.91
1438,8.9,1.4,7.0,2.4,4.3,3.5
1439,6.0,0.2,8.0,5.9,3.9,2.76
1440,9.1,2.8,9.7,1.0,1.4,3.53
1441,8.3,1.9,8.2,2.5,3.1,3.25
1442,7.6,3.2,8.7,3.0,1.5,2.86
1443,5.6,2.9,7.5,5.4,2.6,2.98
1444,5.7,3.0,5.0,1.0,9.3,2.42
1445,7.9,2.9,9.6,2.5,1.1,2.99
1446,5.0,0.5,7.7,4.1,6.7,3.07
1447,7.1,2.9,7.6,0.4,6.0,3.15
1448,8.6,3.6,5.6,5.9,0.3,3.21
1449,6.0,0.0,10.0,1.7,6.3,2.7
1450,7.9,3.6,6.6,4.0,1.9,3.29
1451,5.9,2.5,6.7,1.3,7.6,2.7
1452,9.5,1.6,6.2,2.7,4.0,3.32
1453,6.6,3.0,9.9,2.0,2.5,3.03
1454,5.8,2.8,7.6,3.9,3.9,3.09
1455,9.4,1.8,9.5,2.5,0.8,3.91
1456,6.6,3.9,8.3,0.2,5.0,2.93
1457,6.6,2.5,5.3,0.1,9.5,2.6
1458,7.2,1.1,5.8,4.1,5.8,2.96
1459,7.6,0.8,6.6,3.6,5.4,3.3
1460,8.6,2.7,7.4,3.4,1.9,3.45
1461,5.2,2.5,8.9,3.0,4.4,2.51
1462,8.2,2.8,9.4,1.2,2.4,3.06
1463,8.8,2.2,9.4,1.9,1.7,3.85
1464,8.7,3.9,5.4,0.3,5.7,3.42
1465,9.7,2.1,8.1,2.0,2.1,3.49
1466,8.7,1.2,6.5,5.0,2.6,3.25
1467,5.4,3.5,6.3,3.6,5.2,2.85
1468,7.1,2.8,6.7,1.7,5.7,3.16
1469,10.0,3.0,8.2,1.0,1.8,3.81
1470,7.7,3.4,5.2,2.2,5.5,3.22
1471,6.2,1.8,5.4,5.7,4.9,2.98
1472,7.8,3.7,5.0,4.5,3.0,3.16
1473,9.5,0.6,5.5,2.5,5.9,3.44
1474,7.6,0.6,5.0,4.9,5.9,3.29
1475,5.4,2.5,9.6,1.3,5.2,2.69
1476,8.0,0.7,8.7,1.8,4.8,3.25
1477,7.3,2.4,5.9,4.4,4.0,3.3
1478,5.8,2.8,5.6,2.6,7.2,2.62
1479,6.2,3.0,6.3,5.3,3.2,2.91
1480,8.1,0.4,7.0,4.3,4.2,3.24
1481,8.3,2.5,6.4,2.3,4.5,3.31
1482,7.5,2.8,6.2,1.9,5.6,3.02
1483,6.7,0.1,6.7,4.8,5.7,3.01
1484,7.3,0.1,9.4,0.1,7.1,3.29
1485,9.7,2.0,6.7,5.2,0.4,3.47
1486,7.7,0.9,7.1,3.9,4.4,3.08
1487,8.6,0.0,9.7,0.9,4.8,3.14
1488,5.2,0.5,9.9,1.9,6.5,2.61
1489,5.6,0.4,8.6,5.1,4.3,2.81
1490,6.1,2.1,6.3,5.6,3.9,2.73
1491,9.5,2.3,6.8,2.1,3.3,3.74
1492,7.3,3.4,9.7,1.2,2.4,2.97
1493,7.8,0.4,6.0,2.5,7.3,3.24
1494,5.8,1.8,8.0,4.2,4.2,2.82
1495,6.9,3.5,7.8,2.5,3.3,3.02
1496,9.1,2.5,9.2,1.6,1.6,3.22
1497,5.6,0.1,6.5,4.2,7.6,2.71
1498,7.5,1.7,7.1,1.4,6.3,3.32
1499,5.7,0.8,5.3,1.2,11.0,2.74
1500,6.8,0.0,9.2,0.2,7.8,2.8
1501,9.7,3.6,7.7,1.6,1.4,3.22
1502,8.2,0.2,5.3,2.7,7.6,3.55
1503,7.7,3.6,5.5,4.9,2.3,3.06
1504,6.6,1.6,5.8,3.0,7.0,2.73
1505,9.0,1.8,7.5,4.8,0.9,3.33
1506,6.3,3.5,7.9,1.3,5.0,3.32
1507,6.3,3.2,5.2,6.0,3.3,3.0
1508,7.0,2.0,9.4,2.3,3.3,2.98
1509,7.7,0.2,5.0,1.5,9.6,3.0
1510,5.6,1.6,8.2,4.3,4.3,2.91
1511,5.9,0.3,9.7,1.6,6.5,2.76
1512,9.1,3.1,8.0,1.3,2.5,3.46
1513,6.3,0.5,7.5,3.5,6.2,2.87
1514,6.8,2.6,9.5,0.8,4.3,2.58
1515,6.9,0.6,8.1,4.4,4.0,3.0
1516,9.8,0.3,8.0,0.3,5.6,3.53
1517,9.5,2.1,8.3,3.4,0.7,3.35
1518,5.6,1.9,8.0,0.2,8.3,2.99
1519,6.4,0.1,7.1,5.4,5.0,2.72
1520,9.6,3.0,8.7,1.9,0.8,3.45
1521,6.0,0.8,8.4,1.3,7.5,3.19
1522,8.9,1.8,9.0,3.6,0.7,3.27
1523,8.3,0.9,6.4,1.9,6.5,3.18
1524,6.0,1.8,9.5,0.6,6.1,2.78
1525,8.6,2.7,5.5,5.5,1.7,2.9
1526,8.8,1.0,8.5,0.2,5.5,3.52
1527,9.2,1.8,8.2,1.1,3.7,3.6
1528,7.4,2.5,7.3,5.4,1.4,3.25
1529,7.5,3.4,9.0,1.7,2.4,3.03
1530,9.1,0.9,7.6,4.8,1.6,3.08
1531,6.8,2.6,6.2,0.7,7.7,3.0
1532,6.4,3.4,6.7,5.8,1.7,2.98
1533,9.9,1.1,5.2,4.2,3.6,3.3
1534,8.5,0.1,9.4,0.8,5.2,3.25
1535,5.6,0.7,9.8,4.2,3.7,2.75
1536,6.7,0.9,7.4,3.3,5.7,3.26
1537,8.2,1.0,9.7,0.9,4.2,2.81
1538,7.2,2.3,7.2,2.5,4.8,3.03
1539,8.7,2.7,9.2,0.8,2.6,3.58
1540,6.8,1.9,6.6,0.9,7.8,3.38
1541,6.1,0.4,8.4,4.0,5.1,2.88
1542,7.9,3.9,7.7,4.1,0.4,3.4
1543,5.4,0.8,7.2,3.5,7.1,2.71
1544,9.0,2.4,6.0,3.0,3.6,3.32
1545,8.7,3.1,7.5,1.4,3.3,2.99
1546,8.7,1.0,5.9,3.2,5.2,3.17
1547,6.4,2.5,5.6,3.9,5.6,2.89
1548,8.9,2.4,9.9,1.0,1.8,3.44
1549,8.4,0.3,7.0,5.8,2.5,2.9
1550,5.6,2.8,8.2,2.2,5.2,2.91
1551,9.8,0.1,6.5,5.5,2.1,3.24
1552,7.7,3.3,5.5,5.7,1.8,2.99
1553,9.0,0.7,8.6,2.2,3.5,3.62
1554,9.8,0.5,7.1,2.9,3.7,3.38
1555,6.9,1.5,5.3,4.1,6.2,2.77
1556,9.1,3.2,7.4,1.3,3.0,3.31
1557,8.2,1.2,6.2,4.4,4.0,3.08
1558,6.2,3.7,7.6,2.2,4.3,2.84
1559,9.4,1.6,6.7,1.2,5.1,3.11
1560,8.4,1.2,7.9,0.4,6.1,3.06
1561,6.0,1.6,9.7,2.3,4.4,2.66
1562,5.6,0.2,6.5,0.9,10.8,3.0
1563,5.9,3.0,5.1,3.3,6.7,2.91
1564,7.8,1.3,6.5,4.4,4.0,2.69
1565,9.4,0.8,5.5,5.4,2.9,3.55
1566,6.8,0.5,7.9,3.2,5.6,2.61
1567,6.0,1.8,9.0,3.5,3.7,2.92
1568,8.5,3.2,8.1,0.6,3.6,3.09
1569,8.6,2.7,5.1,2.5,5.1,3.54
1570,6.1,2.4,9.6,4.7,1.2,2.67
1571,9.6,3.9,5.1,3.4,2.0,3.65
1572,6.3,3.9,8.1,4.5,1.2,2.89
1573,5.4,0.7,8.8,0.1,9.0,2.57
1574,8.1,2.8,6.7,0.6,5.8,3.5
1575,5.3,2.4,7.6,4.5,4.2,2.25
1576,7.0,0.1,6.7,5.9,4.3,3.12
1577,9.4,1.3,7.9,4.6,0.8,3.34
1578,5.4,2.0,9.8,4.2,2.6,2.8
1579,5.4,0.8,8.9,5.0,3.9,3.12
1580,5.1,3.3,8.9,1.6,5.1,3.02
1581,8.5,0.9,5.2,1.2,8.2,3.17
1582,7.1,2.0,7.4,1.6,5.9,2.86
1583,5.1,2.4,7.0,1.8,7.7,2.84
1584,9.3,2.0,5.7,4.2,2.8,3.51
1585,6.0,1.8,5.3,5.0,5.9,2.88
1586,8.7,2.5,9.0,1.6,2.2,3.53
1587,8.9,1.8,9.7,1.8,1.8,3.63
1588,9.1,2.2,5.9,2.8,4.0,3.33
1589,9.8,3.0,9.1,0.1,2.0,3.9
1590,9.2,0.2,9.3,2.9,2.4,3.29
1591,6.0,1.3,6.4,3.2,7.1,2.84
1592,6.2,1.8,7.6,4.6,3.8,2.98
1593,7.2,3.2,8.1,0.6,4.9,3.04
1594,7.0,3.0,7.9,2.3,3.8,2.81
1595,5.9,0.9,7.9,2.5,6.8,2.63
1596,8.3,3.4,6.3,2.9,3.1,3.26
1597,9.9,1.3,8.0,0.4,4.4,3.33
1598,9.8,2.9,8.9,1.7,0.7,3.51
1599,7.9,1.8,9.3,4.8,0.2,3.34
1600,7.9,2.2,7.3,1.3,5.3,3.18
1601,5.0,1.0,7.5,2.3,8.2,2.82
1602,6.8,1.8,5.7,0.3,9.4,3.01
1603,8.9,2.3,8.8,0.6,3.4,3.02
1604,6.1,0.0,5.7,1.9,10.3,3.01
1605,5.6,3.9,6.5,0.8,7.2,2.92
1606,5.3,3.4,9.8,1.4,4.1,2.53
1607,7.3,0.1,8.2,2.5,5.9,2.92
1608,8.3,1.7,5.9,4.1,4.0,3.11
1609,7.8,3.4,5.6,4.7,2.5,3.02
1610,8.5,1.8,9.7,0.6,3.4,3.34
1611,8.2,1.5,9.8,1.5,3.0,3.4
1612,10.0,1.0,7.2,3.0,2.8,3.37
1613,6.5,0.1,6.1,1.7,9.6,2.72
1614,9.4,2.8,5.4,3.9,2.5,3.37
1615,8.3,3.8,5.0,1.5,5.4,3.43
1616,5.5,2.1,6.2,1.1,9.1,2.98
1617,9.1,0.5,7.3,5.6,1.5,3.37
1618,5.9,1.3,7.1,1.9,7.8,2.91
1619,6.4,3.9,5.8,4.4,3.5,2.91
1620,5.9,2.6,8.6,4.1,2.8,2.98
1621,6.6,1.0,9.8,5.5,1.1,3.23
1622,7.3,1.7,5.8,2.6,6.6,3.07
1623,7.7,0.1,7.2,4.7,4.3,3.37
1624,9.5,0.1,7.8,4.7,1.9,3.71
1625,7.7,1.3,5.7,5.3,4.0,3.36
1626,7.9,2.7,9.0,2.9,1.5,3.17
1627,7.0,2.1,9.0,2.2,3.7,2.89
1628,9.6,0.4,8.2,2.4,3.4,3.4
1629,7.0,2.7,5.3,3.6,5.4,3.17
1630,5.9,3.6,8.3,5.3,0.9,2.99
1631,7.4,2.2,9.6,4.3,0.5,2.77
1632,7.0,1.6,6.4,1.6,7.4,2.97
1633,9.3,0.3,8.4,1.0,5.0,3.29
1634,6.3,3.1,9.4,1.2,4.0,2.91
1635,7.3,1.9,9.4,4.1,1.3,3.51
1636,9.2,0.0,7.0,5.4,2.4,3.41
1637,8.7,2.2,7.6,1.9,3.6,3.73
1638,7.1,2.9,9.3,0.7,4.0,3.12
1639,7.3,1.6,8.4,1.5,5.2,3.27
1640,7.1,3.6,10.0,0.4,2.9,3.13
1641,6.2,3.8,9.8,0.4,3.8,3.17
1642,5.1,2.4,6.4,5.2,4.9,2.77
1643,6.4,2.7,8.4,1.3,5.2,2.94
1644,6.4,3.2,9.0,2.5,2.9,2.87
1645,8.0,2.4,9.1,1.9,2.6,3.01
1646,7.7,1.8,7.2,0.5,6.8,2.97
1647,8.6,0.9,6.0,2.5,6.0,3.38
1648,6.9,1.8,7.7,1.2,6.4,2.75
1649,5.8,3.5,7.2,2.5,5.0,2.87
1650,7.8,2.2,8.5,1.0,4.5,3.06
1651,6.3,3.2,9.7,0.7,4.1,2.65
1652,5.3,1.3,5.7,4.3,7.4,2.79
1653,7.7,0.6,5.0,4.8,5.9,3.23
1654,6.7,2.3,6.6,0.5,7.9,2.77
1655,6.1,0.8,7.1,3.9,6.1,3.4
1656,9.8,2.4,7.4,2.5,1.9,3.56
1657,9.6,3.3,6.6,1.1,3.4,3.45
1658,8.7,2.0,5.3,4.3,3.7,2.96
1659,9.0,1.2,8.3,2.3,3.2,3.74
1660,9.4,2.0,6.6,4.5,1.5,3.46
1661,6.1,1.6,9.3,4.3,2.7,2.65
1662,6.8,1.1,5.9,4.5,5.7,2.93
1663,6.3,1.8,6.9,5.9,3.1,2.8
1664,5.4,2.4,8.0,2.5,5.7,2.77
1665,7.2,0.2,7.6,3.0,6.0,2.83
1666,6.3,0.7,9.8,5.1,2.1,3.03
1667,6.2,1.3,6.0,3.0,7.5,3.12
1668,5.8,3.2,9.0,0.8,5.2,2.88
1669,7.0,0.7,6.3,1.6,8.4,2.63
1670,9.7,0.5,9.9,0.9,3.0,3.72
1671,8.9,1.4,5.7,5.1,2.9,3.55
1672,7.8,1.9,7.5,4.4,2.4,2.91
1673,5.4,2.7,9.5,0.3,6.1,2.9
1674,7.2,1.6,5.7,3.0,6.5,2.94
1675,5.6,1.9,8.8,1.5,6.2,2.89
1676,8.4,3.4,7.1,3.9,1.2,3.26
1677,5.2,0.5,6.0,2.4,9.9,2.69
1678,8.3,2.8,7.9,1.8,3.2,3.44
1679,7.9,1.4,5.4,6.0,3.3,3.11
1680,8.3,1.3,7.0,1.6,5.8,3.39
1681,6.7,1.6,8.6,3.1,4.0,3.54
1682,9.6,0.2,7.9,5.1,1.2,3.46
1683,6.2,3.5,5.1,4.4,4.8,2.97
1684,7.2,0.2,9.6,2.8,4.2,3.19
1685,5.1,2.8,7.4,0.7,8.0,3.15
1686,7.5,3.3,9.3,2.4,1.5,3.36
1687,5.1,2.8,7.1,3.4,5.6,2.5
1688,9.6,0.5,8.4,0.0,5.5,3.7
1689,9.6,0.5,5.5,2.0,6.4,3.19
1690,7.9,1.8,5.2,1.9,7.2,3.07
1691,9.1,2.8,8.6,2.4,1.1,3.24
1692,6.4,3.3,9.9,2.2,2.2,2.9
1693,5.0,0.6,6.6,3.5,8.3,2.89
1694,8.9,3.0,8.0,2.6,1.5,3.29
1695,8.2,2.5,7.8,5.4,0.1,3.4
1696,9.4,0.9,5.4,2.9,5.4,3.56
1697,7.6,3.3,7.2,3.4,2.5,3.03
1698,8.1,3.3,5.8,3.6,3.2,3.22
1699,8.0,0.7,5.6,5.9,3.8,2.93
1700,5.9,2.7,8.0,3.9,3.5,2.78
1701,5.4,3.6,6.9,1.9,6.2,2.35
1702,9.3,3.7,6.5,3.9,0.6,3.24
1703,8.9,3.7,6.2,3.0,2.2,3.49
1704,5.0,2.3,6.7,1.9,8.1,2.64
1705,8.2,3.4,8.0,3.8,0.6,3.26
1706,7.3,0.0,7.8,4.0,4.9,2.75
1707,8.0,2.9,7.9,0.3,4.9,3.25
1708,6.4,0.3,7.1,3.3,6.9,2.77
1709,6.6,2.9,8.2,2.0,4.3,3.14
1710,8.2,2.2,5.1,4.2,4.3,3.48
1711,6.9,3.8,9.1,2.5,1.7,2.88
1712,6.7,1.9,6.5,3.1,5.8,2.87
1713,5.8,3.9,5.5,5.6,3.2,2.88
1714,8.6,1.7,8.2,1.9,3.6,3.46
1715,6.5,2.3,7.5,3.5,4.2,2.8
1716,5.4,0.2,6.3,0.4,11.7,2.53
1717,5.5,3.3,5.2,4.0,6.0,2.95
1718,7.4,1.2,7.6,2.3,5.5,3.03
1719,7.8,0.5,10.0,2.4,3.3,3.43
1720,6.8,3.3,7.3,4.3,2.3,2.83
1721,5.5,3.4,8.7,1.3,5.1,2.74
1722,9.9,1.0,7.3,0.2,5.6,3.32
1723,7.0,2.3,9.8,2.5,2.4,3.09
1724,5.2,1.3,7.9,5.7,3.9,3.04
1725,9.3,0.9,6.1,1.2,6.5,3.29
1726,7.5,1.9,6.3,3.0,5.3,3.4
1727,5.2,0.5,9.4,4.5,4.4,2.9
1728,6.8,3.0,8.9,4.0,1.3,2.49
1729,8.6,0.8,6.7,2.8,5.1,3.52
1730,6.6,0.6,7.0,5.9,3.9,2.83
1731,6.1,2.4,7.2,0.4,7.9,3.29
1732,7.6,3.5,6.4,0.5,6.0,3.12
1733,9.7,1.5,7.9,3.9,1.0,3.69
1734,5.7,1.2,5.7,4.9,6.5,2.66
1735,6.1,2.9,9.7,2.8,2.5,2.5
1736,6.6,1.9,8.0,5.9,1.6,3.41
1737,9.7,3.4,9.4,0.7,0.8,3.6
1738,7.0,3.8,7.1,3.6,2.5,3.11
1739,8.5,3.8,6.2,4.1,1.4,2.93
1740,8.9,2.2,8.3,1.5,3.1,3.37
1741,7.4,2.5,7.0,1.2,5.9,3.11
1742,8.7,1.6,6.8,2.4,4.5,3.42
1743,7.0,2.2,7.7,3.0,4.1,3.05
1744,5.8,0.5,9.7,3.6,4.4,2.65
1745,8.3,1.6,9.5,2.9,1.7,3.12
1746,9.8,3.3,9.3,0.3,1.3,3.73
1747,6.4,1.1,6.4,5.1,5.0,2.79
1748,6.2,3.2,7.8,0.0,6.8,2.8
1749,7.1,1.6,5.6,4.1,5.6,3.28
1750,8.6,0.0,9.8,4.6,1.0,3.48
1751,9.5,0.1,9.7,3.8,0.9,3.57
1752,9.7,1.8,8.0,2.1,2.4,3.82
1753,9.7,0.3,7.5,4.1,2.4,3.53
1754,9.5,3.8,5.3,2.2,3.2,3.7
1755,5.1,1.3,7.7,5.5,4.4,2.8
1756,7.7,1.1,9.5,5.3,0.4,2.99
1757,7.0,3.6,6.9,4.4,2.1,2.84
1758,9.6,1.8,8.7,1.4,2.5,3.43
1759,5.1,0.4,7.5,4.1,6.9,3.01
1760,8.5,2.8,7.5,4.8,0.4,3.06
1761,7.4,1.8,6.0,1.8,7.0,3.13
1762,6.2,1.2,8.9,2.0,5.7,2.85
1763,6.2,0.7,8.9,0.8,7.4,3.02
1764,8.4,2.5,9.1,0.2,3.8,2.65
1765,6.5,1.1,5.7,1.7,9.0,3.02
1766,8.3,1.5,8.6,1.9,3.7,2.86
1767,6.5,2.2,5.1,0.5,9.7,3.1
1768,8.6,0.4,9.2,4.2,1.6,3.27
1769,8.1,3.3,7.0,1.2,4.4,3.8
1770,7.7,2.3,9.7,3.9,0.4,3.3
1771,9.4,3.2,9.7,0.2,1.5,3.4
1772,9.2,2.0,8.7,0.6,3.5,3.03
1773,6.3,2.9,5.8,2.1,6.9,2.78
1774,8.5,1.5,7.8,0.6,5.6,3.02
1775,9.0,1.5,8.2,3.8,1.5,3.41
1776,8.1,1.7,5.9,5.7,2.6,3.17
1777,8.8,0.8,6.7,4.9,2.8,3.53
1778,7.2,2.9,6.9,1.3,5.7,3.23
1779,8.2,3.9,6.6,2.4,2.9,3.32
1780,9.2,3.0,5.3,6.0,0.5,3.77
1781,8.8,3.5,8.3,2.9,0.5,3.26
1782,9.4,0.8,5.4,4.7,3.7,3.25
1783,9.2,0.7,9.3,3.3,1.5,3.64
1784,7.1,0.8,6.4,3.0,6.7,3.08
1785,7.7,3.2,9.0,2.4,1.7,3.03
1786,5.3,3.5,5.4,1.5,8.3,2.91
1787,8.5,1.6,9.4,1.3,3.2,2.9
1788,7.7,3.5,9.6,0.9,2.3,3.39
1789,7.3,2.2,9.7,4.8,0.0,3.25
1790,6.9,0.0,5.0,2.8,9.3,2.85
1791,7.4,0.1,8.4,1.8,6.3,2.75
1792,5.8,1.6,6.2,3.2,7.2,2.98
1793,6.0,2.0,5.8,4.0,6.2,2.81
1794,7.3,0.3,8.0,1.6,6.8,3.15
1795,7.6,2.1,9.6,2.6,2.1,2.78
1796,9.7,3.1,6.4,4.1,0.7,3.76
1797,7.2,3.3,9.1,0.8,3.6,2.87
1798,6.5,1.2,8.6,1.4,6.3,3.18
1799,5.0,2.9,5.9,0.6,9.6,2.63
1800,7.4,0.2,9.9,4.3,2.2,2.84
1801,6.6,1.3,7.2,3.8,5.1,2.93
1802,9.3,1.0,6.9,5.2,1.6,3.32
1803,8.3,1.4,8.4,0.1,5.8,3.23
1804,9.1,3.8,9.6,1.4,0.1,3.71
1805,7.6,1.4,7.3,4.1,3.6,3.09
1806,9.6,3.3,9.9,1.1,0.1,3.5
1807,6.4,0.4,5.6,1.7,9.9,3.21
1808,9.5,2.5,5.0,1.1,5.9,3.52
1809,5.5,1.5,7.5,0.3,9.2,2.61
1810,8.2,1.9,7.5,2.6,3.8,3.13
1811,9.8,0.9,7.6,4.2,1.5,3.62
1812,6.9,1.9,5.4,3.7,6.1,3.05
1813,6.4,0.6,7.7,3.2,6.1,3.0
1814,8.1,0.8,7.3,4.3,3.5,3.12
1815,7.6,1.6,6.6,3.7,4.5,3.18
1816,5.4,1.8,9.5,0.6,6.7,2.9
1817,9.9,3.8,5.4,4.6,0.3,3.69
1818,7.1,1.8,8.2,4.6,2.3,2.98
1819,5.2,2.4,5.9,2.1,8.4,2.69
1820,6.7,0.4,5.7,0.2,11.0,2.58
1821,7.4,3.8,5.6,5.7,1.5,3.27
1822,8.2,3.3,5.5,3.0,4.0,3.5
1823,8.5,2.3,9.2,0.3,3.7,3.34
1824,6.9,1.4,8.1,5.3,2.3,3.42
1825,7.5,3.3,7.0,0.6,5.6,2.82
1826,8.6,3.0,5.3,1.3,5.8,3.06
1827,6.4,2.2,5.7,0.8,8.9,2.89
1828,6.8,3.2,7.6,0.8,5.6,2.78
1829,8.7,1.6,6.3,2.3,5.1,2.87
1830,6.2,1.6,5.1,4.6,6.5,2.92
1831,5.9,0.2,8.3,4.6,5.0,2.88
1832,6.0,2.9,8.5,1.5,5.1,3.17
1833,9.5,0.4,9.9,3.6,0.6,3.5
1834,8.6,0.8,7.2,0.4,7.0,3.32
1835,6.9,3.0,6.9,2.0,5.2,3.23
1836,5.2,1.5,5.8,4.2,7.3,2.83
1837,5.5,2.7,6.4,1.2,8.2,2.75
1838,7.4,2.0,6.6,0.8,7.2,3.1
1839,6.9,2.7,8.9,2.9,2.6,2.77
1840,6.4,0.6,6.2,1.3,9.5,3.04
1841,7.6,2.3,9.7,0.9,3.5,3.36
1842,7.8,1.0,6.3,0.2,8.7,3.27
1843,6.5,3.0,5.2,1.3,8.0,3.17
1844,7.3,2.8,6.9,1.0,6.0,3.24
1845,7.0,2.3,9.7,0.3,4.7,2.64
1846,7.5,0.1,6.6,4.9,4.9,3.14
1847,7.8,1.8,6.4,1.8,6.2,3.39
1848,9.8,1.8,7.0,4.6,0.8,3.39
1849,7.1,2.2,6.2,4.5,4.0,3.34
1850,8.9,0.9,8.6,4.5,1.1,3.36
1851,6.7,0.7,5.0,2.7,8.9,3.15
1852,5.9,3.4,6.3,1.4,7.0,2.48
1853,7.4,2.0,6.1,1.6,6.9,3.22
1854,8.9,1.8,8.6,3.5,1.2,3.17
1855,5.7,3.9,9.1,1.1,4.2,2.81
1856,5.7,3.0,7.3,4.7,3.3,2.82
1857,8.7,2.4,8.4,0.1,4.4,3.51
1858,5.0,0.1,9.3,4.1,5.5,2.47
1859,6.3,2.8,9.0,1.8,4.1,2.79
1860,7.5,3.1,6.1,1.6,5.7,3.07
1861,6.2,4.0,6.0,3.5,4.3,2.88
1862,8.2,3.0,9.9,0.5,2.4,3.3
1863,8.8,1.4,5.9,2.5,5.4,3.29
1864,7.7,4.0,7.0,3.3,2.0,3.44
1865,6.8,1.6,8.5,5.6,1.5,3.33
1866,5.4,0.8,7.5,0.1,10.2,2.86
1867,6.3,2.1,5.1,1.6,8.9,3.49
1868,9.6,2.6,7.1,4.4,0.3,3.54
1869,8.9,0.8,5.7,4.1,4.5,3.62
1870,8.7,2.5,9.9,1.5,1.4,3.36
1871,5.6,3.3,6.3,4.7,4.1,2.85
1872,8.0,1.8,6.8,2.1,5.3,3.23
1873,8.2,3.0,8.4,0.9,3.5,3.52
1874,7.4,2.1,8.9,3.7,1.9,3.1
1875,7.0,3.6,5.8,6.0,1.6,2.99
1876,8.6,3.2,9.3,2.9,0.0,3.38
1877,6.5,2.8,5.6,2.4,6.7,2.9
1878,8.0,2.0,8.2,5.6,0.2,3.4
1879,5.3,2.3,9.3,2.9,4.2,2.82
1880,6.7,0.6,9.2,3.1,4.4,2.85
1881,9.7,3.2,8.5,0.0,2.6,3.19
1882,9.6,0.7,6.4,3.1,4.2,3.38
1883,6.3,0.8,8.0,0.5,8.4,2.91
1884,8.6,2.2,7.1,3.4,2.7,3.18
1885,6.8,3.7,5.3,4.0,4.2,3.04
1886,5.9,1.2,8.6,0.5,7.8,2.92
1887,9.1,2.9,8.6,0.3,3.1,3.56
1888,9.2,0.2,5.1,2.2,7.3,3.61
1889,5.7,2.2,9.6,2.3,4.2,2.98
1890,5.5,2.4,7.3,5.6,3.2,2.77
1891,5.6,0.8,5.1,2.6,9.9,2.97
1892,8.0,2.5,7.7,0.5,5.3,3.12
1893,7.2,4.0,9.2,3.2,0.4,2.95
1894,7.4,2.7,9.4,3.4,1.1,3.04
1895,9.7,0.2,5.1,4.0,5.0,3.25
1896,6.7,1.1,7.6,2.6,6.0,2.83
1897,7.6,2.7,6.9,1.5,5.3,3.05
1898,8.7,3.0,8.3,0.9,3.1,3.1
1899,7.9,2.3,7.4,3.3,3.1,3.75
1900,8.6,0.4,8.7,0.8,5.5,3.22
1901,5.3,3.9,9.8,0.3,4.7,2.53
1902,7.4,3.3,9.8,2.2,1.3,3.06
1903,6.8,2.4,6.6,5.5,2.7,3.05
1904,6.6,1.2,5.2,4.9,6.1,3.2
1905,7.3,1.3,7.4,4.9,3.1,2.83
1906,6.9,1.3,5.9,3.6,6.3,2.94
1907,7.4,3.5,5.2,3.9,4.0,3.26
1908,9.4,2.9,9.6,0.7,1.4,3.57
1909,7.5,0.1,5.0,1.4,10.0,3.07
1910,5.9,0.1,9.5,0.0,8.5,2.79
1911,8.7,0.6,9.6,4.6,0.5,3.57
1912,5.0,3.9,9.4,5.1,0.6,2.98
1913,8.3,1.4,9.5,1.4,3.4,3.06
1914,9.6,0.6,6.1,3.3,4.4,3.47
1915,8.8,2.5,6.2,0.0,6.5,3.29
1916,9.5,1.6,7.6,2.5,2.8,3.7
1917,7.2,3.1,7.6,1.9,4.2,2.79
1918,5.7,2.6,8.4,4.5,2.8,2.94
1919,7.5,3.6,9.7,2.6,0.6,2.84
1920,9.9,1.1,6.0,2.7,4.3,3.68
1921,5.3,3.9,7.9,3.3,3.6,2.79
1922,5.2,2.4,8.6,2.5,5.3,3.21
1923,8.8,0.9,6.1,1.0,7.2,3.53
1924,9.1,1.5,7.9,4.0,1.5,3.29
1925,6.2,0.7,9.9,3.7,3.5,2.73
1926,6.3,2.0,6.6,1.0,8.1,3.09
1927,6.3,0.1,8.5,3.0,6.1,2.99
1928,5.5,3.0,5.1,1.5,8.9,2.66
1929,9.5,2.9,5.4,4.9,1.3,3.67
1930,8.0,2.7,10.0,0.8,2.5,3.2
1931,8.1,1.8,5.2,0.1,8.8,3.28
1932,7.8,2.2,5.2,2.8,6.0,3.0
1933,9.6,1.6,8.1,3.7,1.0,3.46
1934,9.3,1.6,9.4,0.9,2.8,3.69
1935,6.4,0.2,9.0,2.5,5.9,2.81
1936,9.5,3.3,7.8,2.1,1.3,3.28
1937,7.4,1.6,9.6,0.7,4.7,2.75
1938,7.5,1.8,7.6,0.8,6.3,2.93
1939,7.6,1.0,5.9,0.4,9.1,3.06
1940,8.1,2.9,8.4,2.2,2.4,3.52
1941,6.9,1.5,8.2,3.0,4.4,2.99
1942,8.2,1.2,5.1,5.3,4.2,3.19
1943,6.1,3.7,8.6,4.3,1.3,2.79
1944,7.6,0.7,6.5,1.9,7.3,3.0
1945,5.8,0.8,8.9,1.0,7.5,2.89
1946,9.9,1.3,5.6,3.4,3.8,3.43
1947,9.5,3.1,8.1,1.0,2.3,3.25
1948,8.4,2.9,9.8,0.8,2.1,3.28
1949,5.1,2.2,8.5,4.7,3.5,2.64
1950,7.6,1.3,9.3,2.7,3.1,2.98
1951,9.0,2.3,8.9,1.3,2.5,3.24
1952,7.7,0.9,7.4,1.9,6.1,3.31
1953,6.3,3.9,5.8,4.7,3.3,2.73
1954,5.2,1.6,9.7,0.1,7.4,2.95
1955,7.9,2.0,9.4,0.4,4.3,3.42
1956,8.3,3.8,9.1,0.1,2.7,3.48
1957,7.4,1.6,6.6,2.7,5.7,2.88
1958,9.9,0.4,9.6,2.0,2.1,3.09
1959,8.1,3.3,6.8,2.5,3.3,2.86
1960,9.6,3.3,5.5,0.6,5.0,3.19
1961,7.1,0.4,8.1,0.9,7.5,3.02
1962,6.6,2.7,7.4,5.9,1.4,2.99
1963,9.4,1.4,5.2,5.1,2.9,3.59
1964,9.5,0.9,9.5,1.3,2.8,3.24
1965,9.9,1.1,9.8,0.2,3.0,3.54
1966,7.4,0.9,8.5,1.1,6.1,3.48
1967,7.8,1.0,9.8,0.2,5.2,3.04
1968,7.1,0.9,7.5,5.2,3.3,2.92
1969,8.6,2.3,5.4,4.2,3.5,3.38
1970,6.3,1.7,6.8,5.2,4.0,2.84
1971,5.6,2.3,5.7,4.2,6.2,2.81
1972,7.4,3.7,7.6,2.6,2.7,3.29
1973,7.9,2.8,5.5,4.9,2.9,3.03
1974,8.9,1.5,5.5,3.8,4.3,3.31
1975,9.4,3.6,9.8,1.0,0.2,3.32
1976,8.0,2.4,6.8,5.4,1.4,3.42
1977,7.5,1.9,10.0,2.3,2.3,3.14
1978,9.1,3.1,8.9,2.1,0.8,3.1
1979,6.3,3.4,9.5,0.9,3.9,2.97
1980,8.2,2.2,5.3,4.5,3.8,3.43
1981,7.5,2.6,7.5,3.0,3.4,3.02
1982,5.8,0.8,9.9,0.9,6.6,2.71
1983,6.3,2.4,8.1,0.9,6.3,3.07
1984,6.2,1.2,9.7,5.0,1.9,3.06
1985,8.5,0.3,7.1,3.4,4.7,3.23
1986,8.0,1.3,8.9,4.9,0.9,2.93
1987,6.6,3.4,5.5,5.0,3.5,2.9
1988,9.5,1.5,6.4,3.0,3.6,3.86
1989,7.3,1.4,8.5,4.6,2.2,3.28
1990,7.0,2.7,7.4,6.0,0.9,2.85
1991,8.6,3.8,9.2,2.2,0.2,3.26
1992,6.3,1.5,5.1,3.1,8.0,3.21
1993,7.5,2.1,9.9,4.1,0.4,3.04
1994,7.1,1.4,9.0,3.1,3.4,2.85
1995,7.9,3.4,9.0,0.5,3.2,3.08
1996,6.5,0.2,7.4,2.1,7.8,3.32
1997,6.3,2.8,8.8,1.5,4.6,2.65
1998,6.2,0.0,6.2,0.8,10.8,3.14
1999,8.1,0.7,7.6,3.5,4.1,3.04
2000,9.0,1.7,7.3,3.1,2.9,3.58
